Time,Tree,Edge,20 meters,Grass
12/13/16 0:04,26.174,25.637,25.107,23.637
12/13/16 0:14,25.674,25.137,24.607,23.136
12/13/16 0:24,25.674,25.137,24.607,23.637
12/13/16 0:34,25.674,25.137,24.607,23.136
12/13/16 0:44,25.674,25.137,24.607,23.637
12/13/16 0:54,24.674,24.637,23.607,22.636
12/13/16 1:04,24.674,24.137,23.107,22.636
12/13/16 1:14,24.674,24.137,22.606,22.136
12/13/16 1:24,24.174,23.637,22.106,22.136
12/13/16 1:34,24.174,23.637,22.606,21.636
12/13/16 1:44,24.174,23.637,22.106,21.636
12/13/16 1:54,24.174,23.637,22.606,22.136
12/13/16 2:04,24.174,24.137,23.107,22.136
12/13/16 2:14,24.174,24.137,23.107,22.636
12/13/16 2:24,24.174,23.637,22.606,22.636
12/13/16 2:34,24.174,23.637,22.606,22.636
12/13/16 2:44,24.174,23.637,22.606,22.636
12/13/16 2:54,24.174,23.637,22.606,22.136
12/13/16 3:04,24.174,23.637,23.107,22.136
12/13/16 3:14,24.174,23.637,23.107,22.136
12/13/16 3:24,24.174,23.637,23.107,22.636
12/13/16 3:34,24.174,24.137,23.607,23.136
12/13/16 3:44,23.674,23.637,23.107,22.136
12/13/16 3:54,23.674,23.136,22.606,21.636
12/13/16 4:04,23.173,22.636,21.605,21.636
12/13/16 4:14,23.173,22.636,21.605,21.136
12/13/16 4:24,23.173,22.136,22.106,20.635
12/13/16 4:34,23.173,22.636,21.605,21.136
12/13/16 4:44,22.673,22.136,21.105,21.136
12/13/16 4:54,22.673,22.136,21.605,20.635
12/13/16 5:04,22.673,22.636,22.106,22.136
12/13/16 5:14,23.674,23.136,23.107,22.136
12/13/16 5:24,23.674,23.637,23.607,23.136
12/13/16 5:34,24.174,24.137,24.107,23.136
12/13/16 5:44,24.174,24.137,23.607,22.636
12/13/16 5:54,23.674,23.637,23.607,22.636
12/13/16 6:04,23.674,23.136,23.107,22.136
12/13/16 6:14,23.674,23.136,23.107,23.136
12/13/16 6:24,23.173,23.136,23.107,22.636
12/13/16 6:34,22.673,22.136,22.106,23.637
12/13/16 6:44,23.674,23.136,23.107,26.137
12/13/16 6:54,23.674,23.136,23.607,27.137
12/13/16 7:04,25.174,23.637,24.607,27.137
12/13/16 7:14,24.674,24.137,28.107,28.136
12/13/16 7:24,24.674,24.637,29.606,29.636
12/13/16 7:34,25.674,25.137,30.105,29.636
12/13/16 7:44,26.174,25.637,31.104,31.135
12/13/16 7:54,26.674,26.636,31.603,30.635
12/13/16 8:04,27.174,27.136,32.602,32.134
12/13/16 8:14,27.673,27.636,33.101,32.134
12/13/16 8:24,28.173,28.136,34.099,32.134
12/13/16 8:34,29.172,28.635,35.097,33.133
12/13/16 8:44,28.672,30.134,34.598,33.633
12/13/16 8:54,30.17,30.134,35.596,34.632
12/13/16 9:04,29.671,30.134,35.097,33.633
12/13/16 9:14,30.17,30.134,36.594,34.132
12/13/16 9:24,31.169,30.633,37.092,34.132
12/13/16 9:34,31.668,31.133,36.594,35.131
12/13/16 9:44,31.668,31.133,37.092,35.631
12/13/16 9:54,31.668,31.632,38.09,35.631
12/13/16 10:04,32.665,32.631,37.591,36.13
12/13/16 10:14,34.162,33.13,39.087,36.629
12/13/16 10:24,34.162,33.13,38.588,37.129
12/13/16 10:34,34.162,34.128,40.083,36.629
12/13/16 10:44,34.66,35.625,39.585,37.129
12/13/16 10:54,35.159,36.124,38.588,37.129
12/13/16 11:04,36.155,36.623,39.087,37.628
12/13/16 11:14,35.657,37.122,40.083,38.127
12/13/16 11:24,36.155,37.62,39.585,38.627
12/13/16 11:34,36.155,38.119,41.08,37.628
12/13/16 11:44,36.155,37.62,40.083,37.628
12/13/16 11:54,37.152,38.119,40.083,38.127
12/13/16 12:04,37.152,38.119,41.08,38.627
12/13/16 12:14,37.65,39.615,42.076,38.127
12/13/16 12:24,38.148,39.116,41.08,38.627
12/13/16 12:34,39.641,39.615,41.08,39.625
12/13/16 12:44,38.646,38.618,42.076,39.625
12/13/16 12:54,39.144,40.612,41.578,39.625
12/13/16 13:04,40.139,40.114,41.578,39.625
12/13/16 13:14,40.139,39.615,41.578,39.625
12/13/16 13:24,39.641,39.615,41.08,39.126
12/13/16 13:34,38.148,39.116,41.578,40.124
12/13/16 13:44,38.148,40.612,41.578,39.625
12/13/16 13:54,37.152,40.114,41.08,40.124
12/13/16 14:04,37.152,40.114,41.578,40.124
12/13/16 14:14,37.65,41.11,41.578,40.623
12/13/16 14:24,37.65,41.609,41.08,41.122
12/13/16 14:34,38.646,41.609,41.08,41.122
12/13/16 14:44,38.646,41.11,41.578,40.623
12/13/16 14:54,38.646,41.609,41.08,41.621
12/13/16 15:04,40.139,41.609,41.08,41.621
12/13/16 15:14,38.646,41.11,42.076,43.119
12/13/16 15:24,41.134,41.609,42.574,40.623
12/13/16 15:34,39.641,40.114,41.578,41.122
12/13/16 15:44,40.139,40.114,40.083,42.62
12/13/16 15:54,40.637,41.609,42.076,43.119
12/13/16 16:04,39.144,41.11,42.076,42.121
12/13/16 16:14,43.621,38.618,41.08,42.121
12/13/16 16:24,46.602,38.618,42.574,44.116
12/13/16 16:34,44.118,40.612,41.578,42.121
12/13/16 16:44,43.621,38.618,41.578,43.617
12/13/16 16:54,44.118,39.116,41.08,42.121
12/13/16 17:04,44.118,38.618,42.076,44.116
12/13/16 17:14,38.646,38.618,40.582,43.617
12/13/16 17:24,37.65,37.62,40.582,42.62
12/13/16 17:34,37.65,37.62,41.578,41.621
12/13/16 17:44,36.654,37.62,40.083,42.121
12/13/16 17:54,36.654,37.62,40.083,41.122
12/13/16 18:04,36.155,37.122,40.582,41.621
12/13/16 18:14,35.657,37.122,39.087,40.623
12/13/16 18:24,35.657,36.623,38.09,38.627
12/13/16 18:34,35.657,35.625,38.588,40.124
12/13/16 18:44,35.657,35.126,38.09,37.129
12/13/16 18:54,34.66,34.627,37.092,35.631
12/13/16 19:04,34.66,34.627,34.598,35.631
12/13/16 19:14,34.162,34.128,34.598,34.632
12/13/16 19:24,33.663,34.128,33.6,34.132
12/13/16 19:34,33.663,33.13,33.101,34.132
12/13/16 19:44,33.164,32.631,32.602,32.134
12/13/16 19:54,32.665,32.131,31.603,30.635
12/13/16 20:04,31.668,31.632,30.605,29.136
12/13/16 20:14,31.668,31.133,30.105,28.636
12/13/16 20:24,31.169,30.633,28.606,27.137
12/13/16 20:34,30.17,29.634,28.107,26.637
12/13/16 20:44,29.671,28.635,26.607,25.637
12/13/16 20:54,28.672,28.136,25.607,24.637
12/13/16 21:04,28.672,28.136,24.607,24.137
12/13/16 21:14,28.672,27.636,24.607,23.637
12/13/16 21:24,28.173,27.636,24.607,24.137
12/13/16 21:34,28.173,27.136,24.107,23.136
12/13/16 21:44,28.173,27.136,24.107,23.637
12/13/16 21:54,27.673,26.636,24.607,23.136
12/13/16 22:04,27.673,26.636,24.607,23.136
12/13/16 22:14,27.673,26.636,24.607,23.637
12/13/16 22:24,27.673,26.636,24.607,24.637
12/13/16 22:34,27.673,26.636,24.607,23.637
12/13/16 22:44,26.674,26.137,24.107,23.136
12/13/16 22:54,26.674,25.637,23.607,22.136
12/13/16 23:04,26.174,25.137,24.107,23.136
12/13/16 23:14,26.674,26.137,25.107,23.637
12/13/16 23:24,27.174,26.636,25.607,25.137
12/13/16 23:34,27.174,26.636,26.107,25.637
12/13/16 23:44,27.673,27.136,26.607,25.637
12/13/16 23:54,27.174,26.636,26.107,25.137
12/14/16 0:04,27.174,26.636,26.107,25.637
12/14/16 0:14,27.174,27.136,26.607,26.137
12/14/16 0:24,27.174,26.636,26.107,25.637
12/14/16 0:34,27.174,26.636,26.107,25.137
12/14/16 0:44,26.674,26.636,26.107,25.137
12/14/16 0:54,26.674,26.137,26.107,25.637
12/14/16 1:04,26.674,26.137,25.607,25.137
12/14/16 1:14,26.174,26.137,25.107,25.137
12/14/16 1:24,26.174,25.637,25.607,25.137
12/14/16 1:34,26.174,26.137,25.607,24.637
12/14/16 1:44,26.174,25.637,25.607,25.637
12/14/16 1:54,26.674,26.137,25.607,25.137
12/14/16 2:04,26.174,25.637,25.107,24.137
12/14/16 2:14,25.674,25.637,25.107,24.137
12/14/16 2:24,25.674,25.637,25.107,24.637
12/14/16 2:34,26.174,25.637,25.607,25.137
12/14/16 2:44,26.174,25.637,25.107,25.637
12/14/16 2:54,26.174,26.137,25.607,25.137
12/14/16 3:04,26.174,26.137,25.607,25.137
12/14/16 3:14,26.174,25.637,25.607,25.137
12/14/16 3:24,25.674,25.637,25.607,24.637
12/14/16 3:34,25.674,25.637,25.107,24.637
12/14/16 3:44,25.674,25.137,25.107,24.637
12/14/16 3:54,25.174,25.137,25.107,24.137
12/14/16 4:04,25.174,25.137,24.607,24.137
12/14/16 4:14,25.174,24.637,24.607,24.137
12/14/16 4:24,25.174,24.637,24.607,24.137
12/14/16 4:34,24.674,24.637,24.607,24.137
12/14/16 4:44,24.674,24.637,24.107,23.637
12/14/16 4:54,24.674,24.637,24.607,23.637
12/14/16 5:04,25.174,24.637,24.607,24.137
12/14/16 5:14,24.674,24.637,24.607,24.137
12/14/16 5:24,25.174,24.637,24.607,24.137
12/14/16 5:34,25.174,24.637,24.607,24.137
12/14/16 5:44,25.174,24.637,24.107,23.637
12/14/16 5:54,24.674,24.637,24.107,23.637
12/14/16 6:04,24.674,24.137,24.107,23.637
12/14/16 6:14,24.674,24.137,24.107,24.137
12/14/16 6:24,24.674,24.637,24.107,24.637
12/14/16 6:34,25.174,24.637,24.607,25.637
12/14/16 6:44,25.674,24.637,24.607,26.137
12/14/16 6:54,25.674,25.137,25.107,27.137
12/14/16 7:04,27.174,25.137,26.107,28.136
12/14/16 7:14,26.174,25.637,29.106,29.136
12/14/16 7:24,26.674,26.137,30.605,29.636
12/14/16 7:34,27.673,27.136,32.602,30.635
12/14/16 7:44,28.173,28.136,33.101,30.635
12/14/16 7:54,28.672,28.635,33.6,31.635
12/14/16 8:04,29.172,29.135,34.099,31.635
12/14/16 8:14,28.672,29.135,31.603,30.135
12/14/16 8:24,29.671,29.634,35.097,31.635
12/14/16 8:34,29.172,29.634,32.103,30.135
12/14/16 8:44,29.172,29.634,35.596,34.132
12/14/16 8:54,30.669,31.133,37.591,34.632
12/14/16 9:04,31.668,31.632,36.594,35.131
12/14/16 9:14,31.668,32.631,35.097,34.632
12/14/16 9:24,31.668,32.631,34.598,33.133
12/14/16 9:34,30.669,30.633,32.602,31.635
12/14/16 9:44,33.164,32.131,40.083,37.628
12/14/16 9:54,33.164,32.631,40.582,37.628
12/14/16 10:04,34.162,34.128,40.083,37.628
12/14/16 10:14,35.657,35.126,40.582,38.127
12/14/16 10:24,35.159,34.128,40.582,37.628
12/14/16 10:34,35.657,35.625,40.582,38.127
12/14/16 10:44,36.155,36.623,41.08,38.127
12/14/16 10:54,37.65,38.119,42.076,39.625
12/14/16 11:04,34.66,36.124,37.092,36.629
12/14/16 11:14,34.66,35.126,36.594,37.628
12/14/16 11:24,37.152,38.618,41.578,38.627
12/14/16 11:34,38.148,37.62,42.574,41.122
12/14/16 11:44,37.65,38.618,40.582,37.628
12/14/16 11:54,39.144,40.114,42.574,40.623
12/14/16 12:04,38.646,40.612,43.072,40.623
12/14/16 12:14,39.144,40.114,42.574,41.122
12/14/16 12:24,39.144,40.612,43.072,40.623
12/14/16 12:34,40.139,40.612,43.072,41.621
12/14/16 12:44,40.637,41.11,43.072,42.121
12/14/16 12:54,40.139,42.605,44.068,42.121
12/14/16 13:04,38.148,40.612,40.582,40.124
12/14/16 13:14,41.632,40.612,43.072,42.121
12/14/16 13:24,39.641,40.612,41.578,42.62
12/14/16 13:34,40.139,42.107,42.574,42.62
12/14/16 13:44,41.632,44.598,44.068,43.119
12/14/16 13:54,41.134,44.1,43.57,43.617
12/14/16 14:04,39.641,42.605,44.068,44.116
12/14/16 14:14,40.139,40.612,42.574,41.122
12/14/16 14:24,40.637,44.598,43.57,41.122
12/14/16 14:34,42.129,43.104,44.068,44.116
12/14/16 14:44,40.637,42.107,43.57,43.617
12/14/16 14:54,40.637,46.092,43.072,41.122
12/14/16 15:04,38.148,40.612,41.08,40.623
12/14/16 15:14,37.152,39.615,39.585,38.127
12/14/16 15:24,37.152,38.618,39.585,38.127
12/14/16 15:34,36.654,38.119,39.585,37.628
12/14/16 15:44,36.155,38.119,38.588,36.629
12/14/16 15:54,34.162,35.126,35.596,33.633
12/14/16 16:04,32.665,33.629,34.099,32.634
12/14/16 16:14,33.663,33.629,35.596,34.132
12/14/16 16:24,41.134,36.623,42.574,39.625
12/14/16 16:34,33.164,34.627,36.095,33.133
12/14/16 16:44,37.65,34.128,40.582,36.13
12/14/16 16:54,36.155,35.126,37.591,32.634
12/14/16 17:04,35.657,32.131,36.095,36.13
12/14/16 17:14,33.663,34.128,38.09,35.631
12/14/16 17:24,33.663,33.629,38.588,34.632
12/14/16 17:34,32.665,33.13,36.594,34.632
12/14/16 17:44,32.665,32.631,37.092,35.631
12/14/16 17:54,31.668,32.131,35.596,32.634
12/14/16 18:04,30.669,32.131,34.598,31.135
12/14/16 18:14,29.671,30.134,32.103,30.135
12/14/16 18:24,29.172,29.634,31.603,32.134
12/14/16 18:34,30.17,29.634,34.099,31.635
12/14/16 18:44,28.173,28.635,29.606,28.136
12/14/16 18:54,27.673,28.136,28.606,27.137
12/14/16 19:04,27.174,27.636,28.606,26.637
12/14/16 19:14,26.674,27.136,28.107,26.637
12/14/16 19:24,26.174,26.636,27.107,25.637
12/14/16 19:34,26.174,26.636,26.107,25.137
12/14/16 19:44,25.674,26.137,26.107,25.137
12/14/16 19:54,25.674,26.137,25.607,25.137
12/14/16 20:04,25.674,25.637,25.607,24.637
12/14/16 20:14,25.174,25.637,25.107,24.637
12/14/16 20:24,25.174,25.137,25.107,24.137
12/14/16 20:34,24.674,25.137,24.607,24.137
12/14/16 20:44,24.674,25.137,24.607,24.137
12/14/16 20:54,24.674,24.637,24.107,23.637
12/14/16 21:04,24.674,24.637,24.107,23.136
12/14/16 21:14,24.174,23.637,23.607,23.136
12/14/16 21:24,24.674,24.137,24.107,23.637
12/14/16 21:34,24.174,24.137,24.107,23.136
12/14/16 21:44,24.174,24.137,24.107,23.136
12/14/16 21:54,24.174,24.137,23.607,22.636
12/14/16 22:04,23.173,22.136,22.106,22.136
12/14/16 22:14,22.673,21.636,21.605,21.636
12/14/16 22:24,22.673,21.636,21.605,21.136
12/14/16 22:34,22.173,21.135,21.605,20.635
12/14/16 22:44,21.672,21.135,21.605,20.635
12/14/16 22:54,22.173,21.636,21.105,20.635
12/14/16 23:04,21.672,21.135,21.105,20.635
12/14/16 23:14,21.672,21.135,21.105,20.635
12/14/16 23:24,21.172,21.135,21.105,20.635
12/14/16 23:34,21.172,21.135,21.105,20.635
12/14/16 23:44,21.172,20.635,20.604,20.635
12/14/16 23:54,21.172,20.635,20.604,20.635
12/15/16 0:04,21.172,20.635,20.604,20.635
12/15/16 0:14,21.172,21.135,20.604,20.635
12/15/16 0:24,21.172,21.135,20.604,20.135
12/15/16 0:34,21.172,21.135,20.604,20.135
12/15/16 0:44,21.172,21.135,20.604,20.635
12/15/16 0:54,21.672,21.135,20.604,20.635
12/15/16 1:04,21.672,21.135,20.604,20.135
12/15/16 1:14,21.672,21.135,20.604,20.635
12/15/16 1:24,21.672,21.135,20.604,20.635
12/15/16 1:34,21.672,21.135,20.604,20.635
12/15/16 1:44,21.172,21.135,20.604,20.635
12/15/16 1:54,21.672,21.636,20.604,20.635
12/15/16 2:04,21.672,21.135,20.604,20.635
12/15/16 2:14,21.672,21.636,21.105,20.635
12/15/16 2:24,21.672,21.135,21.105,20.635
12/15/16 2:34,21.672,21.636,21.105,20.135
12/15/16 2:44,21.672,21.636,20.604,19.635
12/15/16 2:54,21.672,21.135,20.604,19.635
12/15/16 3:04,21.172,21.135,20.604,20.135
12/15/16 3:14,21.172,21.135,20.604,19.635
12/15/16 3:24,21.172,21.135,20.604,19.635
12/15/16 3:34,21.172,21.135,20.104,19.134
12/15/16 3:44,21.172,21.135,20.104,19.134
12/15/16 3:54,21.172,21.135,20.104,19.134
12/15/16 4:04,21.172,20.635,20.104,18.634
12/15/16 4:14,21.172,20.635,20.104,19.134
12/15/16 4:24,21.172,21.135,20.104,19.134
12/15/16 4:34,21.172,21.135,20.604,19.635
12/15/16 4:44,21.172,21.135,20.604,19.635
12/15/16 4:54,21.172,21.135,20.604,19.635
12/15/16 5:04,21.172,21.135,20.604,19.635
12/15/16 5:14,21.172,20.635,20.604,19.635
12/15/16 5:24,21.172,20.635,20.604,19.635
12/15/16 5:34,21.172,20.635,20.604,19.635
12/15/16 5:44,21.172,20.635,20.604,20.135
12/15/16 5:54,21.172,20.635,20.604,20.135
12/15/16 6:04,21.172,20.635,20.604,20.135
12/15/16 6:14,20.671,20.635,20.604,20.135
12/15/16 6:24,20.671,20.635,20.604,20.135
12/15/16 6:34,20.671,20.135,20.604,20.135
12/15/16 6:44,20.17,20.135,20.604,20.135
12/15/16 6:54,20.671,20.635,21.105,20.135
12/15/16 7:04,20.671,20.635,21.105,20.635
12/15/16 7:14,20.671,20.635,21.105,20.635
12/15/16 7:24,21.172,20.635,21.605,21.136
12/15/16 7:34,21.172,21.135,21.605,21.136
12/15/16 7:44,21.172,21.135,21.605,21.136
12/15/16 7:54,21.672,21.135,22.106,21.136
12/15/16 8:04,21.172,21.135,22.106,21.136
12/15/16 8:14,21.672,21.135,22.106,21.636
12/15/16 8:24,21.672,21.135,22.106,22.136
12/15/16 8:34,21.672,21.135,21.605,21.636
12/15/16 8:44,21.672,21.135,21.605,21.636
12/15/16 8:54,21.172,21.135,21.605,21.636
12/15/16 9:04,21.172,21.135,22.106,22.136
12/15/16 9:14,21.672,21.636,22.106,22.136
12/15/16 9:24,21.672,21.636,22.106,22.636
12/15/16 9:34,21.172,21.636,22.106,22.636
12/15/16 9:44,21.672,21.636,22.106,22.636
12/15/16 9:54,21.172,21.636,22.106,22.636
12/15/16 10:04,21.672,21.636,22.106,22.636
12/15/16 10:14,21.672,21.636,22.606,21.636
12/15/16 10:24,21.672,21.636,22.106,21.636
12/15/16 10:34,21.672,21.636,22.106,22.136
12/15/16 10:44,21.672,21.636,22.606,23.136
12/15/16 10:54,22.173,22.136,23.107,23.637
12/15/16 11:04,22.673,22.636,24.107,24.137
12/15/16 11:14,22.173,22.636,23.107,23.637
12/15/16 11:24,22.173,22.136,23.107,24.137
12/15/16 11:34,23.173,22.636,24.107,25.137
12/15/16 11:44,24.174,23.136,26.607,27.137
12/15/16 11:54,24.674,24.637,28.107,29.636
12/15/16 12:04,25.174,24.637,27.107,28.636
12/15/16 12:14,25.174,24.637,27.607,27.636
12/15/16 12:24,24.674,24.137,26.607,26.137
12/15/16 12:34,24.674,24.137,26.607,25.637
12/15/16 12:44,24.674,24.137,27.607,27.137
12/15/16 12:54,26.174,25.137,29.106,29.136
12/15/16 13:04,25.674,26.137,28.606,29.136
12/15/16 13:14,27.673,28.635,31.603,31.635
12/15/16 13:24,28.173,29.634,32.602,32.134
12/15/16 13:34,27.673,30.134,32.103,31.635
12/15/16 13:44,29.172,31.632,33.6,31.135
12/15/16 13:54,30.17,31.632,33.6,32.634
12/15/16 14:04,30.17,31.133,36.594,34.132
12/15/16 14:14,30.669,33.629,35.596,35.131
12/15/16 14:24,31.169,33.13,34.598,34.632
12/15/16 14:34,30.17,32.131,33.101,32.634
12/15/16 14:44,29.172,30.633,31.603,30.635
12/15/16 14:54,28.672,29.634,31.104,30.635
12/15/16 15:04,28.173,29.135,29.606,29.636
12/15/16 15:14,27.673,29.135,30.105,29.136
12/15/16 15:24,27.673,28.136,29.606,28.636
12/15/16 15:34,27.673,28.136,29.106,28.636
12/15/16 15:44,28.173,28.635,29.106,28.636
12/15/16 15:54,27.673,28.136,29.106,28.636
12/15/16 16:04,27.174,28.136,28.606,28.136
12/15/16 16:14,27.673,28.136,28.606,28.636
12/15/16 16:24,27.174,27.636,28.107,28.136
12/15/16 16:34,26.174,27.136,26.607,24.637
12/15/16 16:44,25.174,25.137,26.607,25.637
12/15/16 16:54,25.174,25.637,26.107,25.637
12/15/16 17:04,25.174,25.637,25.607,24.637
12/15/16 17:14,24.174,24.637,25.107,23.637
12/15/16 17:24,24.174,24.137,24.607,23.637
12/15/16 17:34,23.674,24.137,24.107,23.136
12/15/16 17:44,23.674,24.137,24.107,23.637
12/15/16 17:54,23.674,24.137,24.107,23.136
12/15/16 18:04,23.674,24.137,24.107,23.136
12/15/16 18:14,23.173,23.637,23.607,23.136
12/15/16 18:24,23.173,23.637,23.607,22.636
12/15/16 18:34,23.173,23.136,23.607,22.636
12/15/16 18:44,23.173,23.136,23.107,22.136
12/15/16 18:54,22.673,22.636,22.106,22.136
12/15/16 19:04,22.173,22.136,22.106,21.636
12/15/16 19:14,22.173,22.136,21.605,21.136
12/15/16 19:24,21.672,21.636,21.605,21.136
12/15/16 19:34,21.672,21.636,21.105,20.635
12/15/16 19:44,21.172,21.135,21.105,20.635
12/15/16 19:54,20.671,20.635,20.604,20.135
12/15/16 20:04,20.671,20.635,20.604,20.135
12/15/16 20:14,20.671,20.635,20.604,20.135
12/15/16 20:24,20.671,20.635,20.604,20.135
12/15/16 20:34,20.17,20.135,20.104,19.635
12/15/16 20:44,20.17,20.135,20.104,19.635
12/15/16 20:54,20.17,20.135,20.104,19.635
12/15/16 21:04,20.17,20.135,20.104,19.635
12/15/16 21:14,20.17,20.135,20.104,19.635
12/15/16 21:24,20.17,19.634,20.104,19.635
12/15/16 21:34,19.669,19.634,19.603,19.134
12/15/16 21:44,19.168,19.134,19.603,18.634
12/15/16 21:54,19.168,19.134,19.603,18.634
12/15/16 22:04,19.168,19.134,19.603,19.134
12/15/16 22:14,19.168,19.134,19.102,18.634
12/15/16 22:24,18.667,18.633,18.602,18.134
12/15/16 22:34,18.667,18.633,18.602,18.134
12/15/16 22:44,18.166,18.132,18.101,17.633
12/15/16 22:54,18.166,17.632,18.101,17.133
12/15/16 23:04,17.665,17.632,17.6,17.133
12/15/16 23:14,17.665,17.632,17.6,17.133
12/15/16 23:24,17.665,17.632,17.6,17.133
12/15/16 23:34,17.665,17.131,17.6,17.133
12/15/16 23:44,17.665,17.131,17.6,16.632
12/15/16 23:54,17.665,17.131,17.6,16.632
12/16/16 0:04,17.665,17.131,17.6,16.632
12/16/16 0:14,17.665,17.131,17.6,17.133
12/16/16 0:24,17.665,17.131,17.6,17.133
12/16/16 0:34,17.665,17.131,17.6,17.133
12/16/16 0:44,17.665,17.632,17.6,17.133
12/16/16 0:54,18.166,17.632,17.6,17.133
12/16/16 1:04,17.665,17.632,17.6,17.133
12/16/16 1:14,17.665,17.632,17.6,17.133
12/16/16 1:24,18.166,17.632,17.6,17.133
12/16/16 1:34,17.665,17.632,17.6,17.133
12/16/16 1:44,18.166,17.632,17.6,17.133
12/16/16 1:54,17.665,17.632,17.6,17.133
12/16/16 2:04,17.665,17.632,17.6,17.133
12/16/16 2:14,18.166,17.632,17.6,17.133
12/16/16 2:24,18.166,17.632,17.6,17.133
12/16/16 2:34,18.166,17.632,18.101,17.133
12/16/16 2:44,18.166,17.632,18.101,17.133
12/16/16 2:54,18.166,17.632,18.101,17.633
12/16/16 3:04,18.166,17.632,18.101,17.633
12/16/16 3:14,18.166,18.132,18.101,17.633
12/16/16 3:24,18.166,18.132,18.101,17.633
12/16/16 3:34,18.667,18.132,18.101,17.633
12/16/16 3:44,18.166,18.132,18.101,17.633
12/16/16 3:54,18.667,18.132,18.602,18.134
12/16/16 4:04,18.166,18.132,18.602,18.134
12/16/16 4:14,18.667,18.633,18.602,18.134
12/16/16 4:24,18.667,18.633,18.602,18.134
12/16/16 4:34,18.667,18.633,18.602,18.134
12/16/16 4:44,18.667,18.633,19.102,18.634
12/16/16 4:54,19.168,19.134,19.102,18.634
12/16/16 5:04,19.168,19.134,19.603,19.134
12/16/16 5:14,19.168,19.134,19.603,19.134
12/16/16 5:24,19.168,19.134,19.603,18.634
12/16/16 5:34,18.667,18.633,19.102,18.634
12/16/16 5:44,18.667,18.633,19.102,18.634
12/16/16 5:54,18.667,18.633,19.102,18.634
12/16/16 6:04,18.667,18.633,19.102,18.134
12/16/16 6:14,18.667,18.633,19.102,18.134
12/16/16 6:24,18.667,18.633,19.102,18.134
12/16/16 6:34,18.667,18.633,18.602,18.134
12/16/16 6:44,18.667,18.633,18.602,18.134
12/16/16 6:54,18.667,18.633,18.602,18.134
12/16/16 7:04,18.166,18.633,18.602,18.134
12/16/16 7:14,18.166,18.633,18.602,18.134
12/16/16 7:24,18.166,18.132,18.602,18.134
12/16/16 7:34,18.166,18.633,18.602,18.134
12/16/16 7:44,18.166,18.633,18.602,18.134
12/16/16 7:54,18.667,18.633,18.602,18.134
12/16/16 8:04,18.667,18.633,19.102,18.634
12/16/16 8:14,18.667,18.633,19.102,18.634
12/16/16 8:24,18.667,19.134,19.603,19.134
12/16/16 8:34,18.667,19.134,19.603,19.134
12/16/16 8:44,19.168,19.134,19.603,19.134
12/16/16 8:54,19.168,19.134,19.603,19.134
12/16/16 9:04,19.168,19.134,19.603,19.134
12/16/16 9:14,19.168,19.134,19.603,19.134
12/16/16 9:24,19.168,19.134,20.104,19.635
12/16/16 9:34,19.168,19.634,20.104,19.635
12/16/16 9:44,19.669,19.634,20.104,19.635
12/16/16 9:54,19.669,19.634,20.604,20.135
12/16/16 10:04,20.17,20.135,21.105,20.635
12/16/16 10:14,20.17,20.635,21.105,20.635
12/16/16 10:24,20.17,20.135,20.604,20.635
12/16/16 10:34,20.671,20.635,21.605,21.136
12/16/16 10:44,20.671,20.635,21.605,21.136
12/16/16 10:54,20.671,20.635,21.605,21.136
12/16/16 11:04,20.671,21.135,22.106,21.136
12/16/16 11:14,20.671,21.135,21.605,21.136
12/16/16 11:24,21.172,21.135,22.106,21.636
12/16/16 11:34,21.172,21.135,21.605,21.136
12/16/16 11:44,20.671,21.135,21.605,21.136
12/16/16 11:54,21.172,21.636,22.606,22.636
12/16/16 12:04,21.672,22.136,23.107,23.136
12/16/16 12:14,21.672,22.136,23.107,23.136
12/16/16 12:24,22.173,22.636,23.607,24.137
12/16/16 12:34,22.173,22.636,23.607,24.137
12/16/16 12:44,22.673,23.136,24.607,24.137
12/16/16 12:54,24.174,24.137,27.107,25.137
12/16/16 13:04,23.674,23.637,26.107,25.137
12/16/16 13:14,24.674,26.137,28.107,26.137
12/16/16 13:24,24.174,25.137,27.607,26.637
12/16/16 13:34,23.674,24.137,26.107,26.137
12/16/16 13:44,24.174,25.637,29.106,29.136
12/16/16 13:54,25.174,27.136,29.606,30.135
12/16/16 14:04,25.674,27.636,29.606,28.636
12/16/16 14:14,26.174,28.635,29.606,29.636
12/16/16 14:24,26.174,27.636,29.606,30.135
12/16/16 14:34,29.172,31.133,32.602,32.634
12/16/16 14:44,29.172,30.134,32.103,32.134
12/16/16 14:54,29.671,32.631,34.598,35.131
12/16/16 15:04,31.169,32.631,34.099,34.132
12/16/16 15:14,30.17,33.13,33.6,33.633
12/16/16 15:24,29.671,32.131,32.602,34.132
12/16/16 15:34,30.669,30.633,33.101,34.632
12/16/16 15:44,32.665,33.629,35.097,35.631
12/16/16 15:54,31.169,32.631,32.103,32.134
12/16/16 16:04,28.672,29.634,31.104,30.635
12/16/16 16:14,27.673,28.136,29.606,29.636
12/16/16 16:24,28.672,29.634,31.104,31.135
12/16/16 16:34,28.173,28.635,30.105,29.136
12/16/16 16:44,23.173,24.137,23.607,23.637
12/16/16 16:54,23.674,24.137,24.607,24.137
12/16/16 17:04,23.173,24.137,24.107,24.137
12/16/16 17:14,23.173,24.137,24.607,26.637
12/16/16 17:24,24.674,26.137,28.606,31.135
12/16/16 17:34,24.674,26.137,27.107,27.636
12/16/16 17:44,25.674,26.137,28.606,29.136
12/16/16 17:54,25.174,26.636,28.107,30.135
12/16/16 18:04,25.674,27.136,30.105,32.134
12/16/16 18:14,26.174,27.136,29.606,30.135
12/16/16 18:24,25.674,26.636,27.107,26.637
12/16/16 18:34,25.674,26.137,26.607,26.137
12/16/16 18:44,25.174,26.137,26.107,26.137
12/16/16 18:54,25.174,25.637,26.607,25.637
12/16/16 19:04,25.174,25.637,26.107,25.637
12/16/16 19:14,25.174,25.637,26.107,25.637
12/16/16 19:24,25.174,25.637,26.107,25.137
12/16/16 19:34,24.674,25.137,25.607,24.637
12/16/16 19:44,24.674,25.137,25.107,24.137
12/16/16 19:54,24.174,24.637,24.607,23.637
12/16/16 20:04,23.674,24.137,24.107,23.136
12/16/16 20:14,23.173,23.637,23.607,23.136
12/16/16 20:24,22.673,22.636,22.606,22.136
12/16/16 20:34,22.673,22.636,22.606,22.136
12/16/16 20:44,22.673,22.636,22.606,22.136
12/16/16 20:54,22.673,22.636,22.606,22.136
12/16/16 21:04,22.673,22.636,22.606,22.136
12/16/16 21:14,22.673,22.636,22.606,22.136
12/16/16 21:24,22.673,22.136,22.606,22.136
12/16/16 21:34,22.173,22.136,22.606,22.136
12/16/16 21:44,22.173,22.136,22.106,21.136
12/16/16 21:54,22.673,22.136,22.606,22.136
12/16/16 22:04,22.673,22.136,22.106,22.136
12/16/16 22:14,22.673,22.136,22.106,22.136
12/16/16 22:24,22.673,22.636,22.606,22.136
12/16/16 22:34,22.673,22.636,22.606,22.136
12/16/16 22:44,22.673,22.636,22.606,22.136
12/16/16 22:54,21.172,21.135,21.605,20.635
12/16/16 23:04,21.172,21.135,21.605,20.635
12/16/16 23:14,21.172,21.135,21.605,20.635
12/16/16 23:24,21.172,21.135,21.605,20.635
12/16/16 23:34,21.172,21.135,21.605,21.136
12/16/16 23:44,21.172,21.135,21.605,20.635
12/16/16 23:54,21.172,21.135,21.105,20.635
12/17/16 0:04,20.671,21.135,20.604,20.135
12/17/16 0:14,20.671,20.635,20.104,19.635
12/17/16 0:24,20.671,20.635,19.603,19.635
12/17/16 0:34,20.671,20.635,19.603,19.134
12/17/16 0:44,20.671,20.135,19.102,18.134
12/17/16 0:54,20.671,20.135,19.603,18.634
12/17/16 1:04,20.671,20.135,19.603,18.634
12/17/16 1:14,20.17,20.135,19.603,18.634
12/17/16 1:24,20.17,20.135,19.603,18.634
12/17/16 1:34,20.17,19.634,19.102,18.134
12/17/16 1:44,20.17,20.135,19.102,17.633
12/17/16 1:54,20.17,19.634,18.602,17.633
12/17/16 2:04,20.17,19.634,19.102,17.133
12/17/16 2:14,20.17,19.634,18.602,17.133
12/17/16 2:24,19.669,19.634,18.101,16.632
12/17/16 2:34,19.168,18.633,17.6,16.132
12/17/16 2:44,19.669,19.134,17.6,16.132
12/17/16 2:54,18.667,18.132,17.099,15.631
12/17/16 3:04,18.667,18.132,17.099,15.631
12/17/16 3:14,18.667,18.132,17.099,15.631
12/17/16 3:24,18.667,18.132,17.099,15.631
12/17/16 3:34,18.667,18.132,17.099,15.631
12/17/16 3:44,18.166,17.632,17.099,15.631
12/17/16 3:54,18.667,17.632,17.099,15.13
12/17/16 4:04,18.166,17.632,16.598,15.631
12/17/16 4:14,18.166,17.632,17.099,15.13
12/17/16 4:24,18.667,18.132,17.099,15.13
12/17/16 4:34,18.667,18.132,17.099,14.63
12/17/16 4:44,18.667,17.632,16.598,14.63
12/17/16 4:54,18.667,18.132,17.099,15.13
12/17/16 5:04,18.667,17.632,16.598,14.63
12/17/16 5:14,18.667,17.632,16.097,14.63
12/17/16 5:24,18.667,17.632,16.598,15.13
12/17/16 5:34,18.667,18.633,17.6,15.631
12/17/16 5:44,18.667,18.132,17.6,16.132
12/17/16 5:54,18.667,18.132,17.099,16.132
12/17/16 6:04,18.667,18.633,17.099,16.132
12/17/16 6:14,18.667,18.132,17.6,15.631
12/17/16 6:24,18.667,18.132,17.6,17.633
12/17/16 6:34,19.168,18.633,18.101,19.134
12/17/16 6:44,20.17,18.633,18.602,20.635
12/17/16 6:54,20.17,19.134,18.602,21.136
12/17/16 7:04,22.173,19.134,19.603,22.636
12/17/16 7:14,20.671,19.634,21.105,23.637
12/17/16 7:24,21.172,20.135,24.107,24.637
12/17/16 7:34,22.673,20.635,28.107,25.637
12/17/16 7:44,22.673,21.135,30.605,27.636
12/17/16 7:54,23.173,21.636,31.104,27.636
12/17/16 8:04,25.174,22.136,32.602,27.636
12/17/16 8:14,24.174,22.636,31.603,28.636
12/17/16 8:24,23.674,22.636,32.602,29.136
12/17/16 8:34,25.674,23.136,33.6,30.135
12/17/16 8:44,24.674,24.137,33.6,29.636
12/17/16 8:54,24.674,26.137,35.097,30.135
12/17/16 9:04,25.174,25.137,35.097,30.635
12/17/16 9:14,25.174,25.137,36.095,31.135
12/17/16 9:24,26.174,25.137,37.591,32.134
12/17/16 9:34,26.174,25.637,37.591,32.634
12/17/16 9:44,28.672,26.636,37.591,32.134
12/17/16 9:54,27.673,26.636,36.095,33.133
12/17/16 10:04,28.173,27.636,37.092,33.133
12/17/16 10:14,29.172,28.136,41.08,35.631
12/17/16 10:24,26.674,28.136,32.103,33.133
12/17/16 10:34,27.174,28.635,30.605,30.135
12/17/16 10:44,29.671,31.133,36.594,36.13
12/17/16 10:54,30.17,30.633,37.092,34.632
12/17/16 11:04,28.672,30.633,37.591,35.631
12/17/16 11:14,30.17,35.126,40.083,35.631
12/17/16 11:24,30.17,34.627,41.08,37.628
12/17/16 11:34,29.671,31.133,37.591,34.632
12/17/16 11:44,30.669,34.627,36.594,32.634
12/17/16 11:54,30.669,32.131,39.087,36.629
12/17/16 12:04,28.672,31.632,32.103,33.633
12/17/16 12:14,29.671,34.128,36.095,31.135
12/17/16 12:24,31.169,32.631,36.594,35.631
12/17/16 12:34,30.669,34.627,34.099,32.134
12/17/16 12:44,34.66,35.126,38.588,35.631
12/17/16 12:54,33.164,36.124,40.083,32.634
12/17/16 13:04,35.657,36.124,38.588,36.629
12/17/16 13:14,36.654,37.122,39.087,37.628
12/17/16 13:24,33.164,37.62,35.097,33.633
12/17/16 13:34,32.665,33.13,36.095,36.629
12/17/16 13:44,33.164,37.62,38.588,37.628
12/17/16 13:54,32.167,37.122,37.092,37.129
12/17/16 14:04,32.167,36.623,37.092,37.628
12/17/16 14:14,32.665,36.623,38.588,38.127
12/17/16 14:24,32.665,36.623,38.09,37.129
12/17/16 14:34,33.663,36.124,37.591,38.127
12/17/16 14:44,34.162,38.618,38.588,38.627
12/17/16 14:54,33.663,37.122,39.087,38.627
12/17/16 15:04,34.66,38.618,38.09,38.127
12/17/16 15:14,34.162,39.116,38.588,39.126
12/17/16 15:24,33.164,39.615,37.591,34.632
12/17/16 15:34,36.155,39.116,39.585,39.625
12/17/16 15:44,35.657,37.62,41.08,39.625
12/17/16 15:54,33.164,36.124,36.095,34.132
12/17/16 16:04,35.657,37.122,38.09,37.628
12/17/16 16:14,34.66,35.126,37.092,38.127
12/17/16 16:24,39.641,36.124,39.585,34.632
12/17/16 16:34,37.152,35.625,37.591,35.131
12/17/16 16:44,33.164,33.13,35.097,32.634
12/17/16 16:54,36.155,34.128,38.09,36.13
12/17/16 17:04,33.164,35.126,36.095,32.134
12/17/16 17:14,30.669,31.133,31.603,33.633
12/17/16 17:24,32.665,33.629,39.087,37.129
12/17/16 17:34,32.167,33.629,38.588,39.625
12/17/16 17:44,32.167,33.13,38.09,36.13
12/17/16 17:54,32.665,33.629,39.087,37.628
12/17/16 18:04,31.169,32.131,35.596,32.134
12/17/16 18:14,30.17,30.134,32.103,34.632
12/17/16 18:24,31.668,32.131,36.594,36.629
12/17/16 18:34,31.169,31.133,36.095,36.13
12/17/16 18:44,32.665,31.133,36.594,34.632
12/17/16 18:54,30.669,30.134,36.095,32.134
12/17/16 19:04,30.17,30.134,31.104,31.635
12/17/16 19:14,30.17,29.634,29.606,30.635
12/17/16 19:24,29.172,29.135,29.106,30.635
12/17/16 19:34,28.672,28.136,27.607,28.636
12/17/16 19:44,28.173,27.636,27.107,29.636
12/17/16 19:54,27.673,27.136,27.107,28.636
12/17/16 20:04,27.174,26.636,26.107,26.637
12/17/16 20:14,26.174,26.137,25.107,25.637
12/17/16 20:24,25.674,25.637,24.107,25.137
12/17/16 20:34,25.174,24.637,23.107,24.637
12/17/16 20:44,24.674,24.637,22.606,23.637
12/17/16 20:54,24.674,24.137,22.106,23.136
12/17/16 21:04,23.674,23.637,21.105,22.636
12/17/16 21:14,23.674,23.136,20.604,22.136
12/17/16 21:24,23.674,23.136,21.105,22.136
12/17/16 21:34,23.173,23.136,20.104,21.636
12/17/16 21:44,22.673,22.136,17.6,21.136
12/17/16 21:54,23.173,22.636,16.097,22.136
12/17/16 22:04,23.173,22.636,16.097,22.136
12/17/16 22:14,23.173,22.636,16.598,22.136
12/17/16 22:24,22.673,22.636,17.099,22.136
12/17/16 22:34,22.673,22.636,17.099,22.136
12/17/16 22:44,22.673,22.136,16.598,21.136
12/17/16 22:54,22.173,22.136,16.097,21.136
12/17/16 23:04,22.173,21.636,16.097,20.635
12/17/16 23:14,21.672,21.135,15.094,20.635
12/17/16 23:24,21.172,21.135,14.593,20.135
12/17/16 23:34,21.172,20.635,14.092,20.135
12/17/16 23:44,21.172,20.635,14.092,19.635
12/17/16 23:54,20.671,20.635,14.092,19.134
12/18/16 0:04,20.671,20.135,14.092,19.134
12/18/16 0:14,20.17,20.135,13.089,19.134
12/18/16 0:24,20.17,19.634,13.59,19.134
12/18/16 0:34,19.669,19.634,12.588,18.634
12/18/16 0:44,19.168,19.134,12.086,17.633
12/18/16 0:54,18.667,18.633,11.584,17.633
12/18/16 1:04,18.166,18.132,11.083,16.632
12/18/16 1:14,18.166,17.632,11.083,16.132
12/18/16 1:24,18.166,18.132,11.083,16.632
12/18/16 1:34,18.166,18.633,11.584,17.633
12/18/16 1:44,18.667,18.132,12.086,17.633
12/18/16 1:54,18.667,18.633,12.086,17.633
12/18/16 2:04,18.667,18.633,11.584,17.633
12/18/16 2:14,18.667,18.633,12.086,17.633
12/18/16 2:24,18.667,18.633,12.086,17.633
12/18/16 2:34,18.667,18.633,11.584,17.633
12/18/16 2:44,18.166,18.132,11.584,17.133
12/18/16 2:54,18.166,18.132,11.584,16.632
12/18/16 3:04,18.166,17.632,11.083,16.132
12/18/16 3:14,17.665,17.131,11.083,15.631
12/18/16 3:24,17.164,17.131,10.079,14.129
12/18/16 3:34,16.663,16.63,10.581,13.128
12/18/16 3:44,16.161,16.129,9.577,13.128
12/18/16 3:54,16.161,16.129,9.577,14.129
12/18/16 4:04,16.161,15.629,9.076,12.627
12/18/16 4:14,15.66,15.128,8.574,11.125
12/18/16 4:24,15.158,15.128,9.076,11.625
12/18/16 4:34,15.158,14.627,8.574,11.125
12/18/16 4:44,15.158,14.627,8.574,11.125
12/18/16 4:54,14.657,14.126,8.574,10.624
12/18/16 5:04,14.657,14.126,8.574,10.624
12/18/16 5:14,14.657,13.625,8.072,10.624
12/18/16 5:24,14.657,14.627,8.072,10.624
12/18/16 5:34,14.657,14.126,8.072,11.125
12/18/16 5:44,14.155,14.126,8.072,11.625
12/18/16 5:54,14.155,14.126,8.072,11.125
12/18/16 6:04,14.155,14.126,8.072,12.627
12/18/16 6:14,14.657,14.627,8.574,14.129
12/18/16 6:24,14.657,14.627,9.076,15.631
12/18/16 6:34,15.66,15.128,9.577,16.632
12/18/16 6:44,16.663,15.128,9.577,17.633
12/18/16 6:54,16.663,15.629,10.079,18.634
12/18/16 7:04,18.667,15.629,11.083,19.134
12/18/16 7:14,17.665,16.129,12.588,20.135
12/18/16 7:24,17.665,16.63,17.6,20.135
12/18/16 7:34,18.667,17.131,19.102,21.136
12/18/16 7:44,18.667,17.131,20.104,21.636
12/18/16 7:54,19.168,17.632,25.107,22.136
12/18/16 8:04,20.671,18.132,29.106,23.136
12/18/16 8:14,19.669,18.633,32.103,23.637
12/18/16 8:24,19.669,19.134,34.099,24.137
12/18/16 8:34,21.172,19.634,36.095,25.137
12/18/16 8:44,21.172,20.135,38.09,25.137
12/18/16 8:54,21.672,22.636,40.083,26.637
12/18/16 9:04,22.173,21.636,41.578,27.636
12/18/16 9:14,22.173,21.636,42.574,28.136
12/18/16 9:24,22.673,22.136,43.57,25.637
12/18/16 9:34,23.674,24.637,35.097,26.637
12/18/16 9:44,,23.136,36.594,25.637
12/18/16 9:54,,23.136,36.594,26.137
12/18/16 10:04,,23.637,35.596,27.636
12/18/16 10:14,,23.637,35.596,27.636
12/18/16 10:24,,24.137,34.099,27.636
12/18/16 10:34,,24.637,37.092,28.636
12/18/16 10:44,,26.137,36.594,28.136
12/18/16 10:54,,27.136,36.594,28.136
12/18/16 11:04,,28.635,36.095,27.636
12/18/16 11:14,,29.634,35.097,28.136
12/18/16 11:24,,28.635,35.596,29.136
12/18/16 11:34,,29.135,36.095,28.636
12/18/16 11:44,,30.134,36.594,28.636
12/18/16 11:54,,30.134,34.598,29.136
12/18/16 12:04,,31.133,35.097,29.136
12/18/16 12:14,,32.631,36.095,29.636
12/18/16 12:24,,31.133,35.097,29.136
12/18/16 12:34,,31.632,34.099,29.636
12/18/16 12:44,,32.131,34.598,30.135
12/18/16 12:54,,31.632,34.099,30.635
12/18/16 13:04,,32.131,36.095,30.635
12/18/16 13:14,,32.131,35.596,31.135
12/18/16 13:24,,32.631,35.596,31.635
12/18/16 13:34,,32.131,34.099,31.635
12/18/16 13:44,,31.133,36.095,32.134
12/18/16 13:54,,32.631,35.596,32.634
12/18/16 14:04,,33.13,36.095,34.132
12/18/16 14:14,,33.629,37.092,32.634
12/18/16 14:24,,34.627,36.095,33.133
12/18/16 14:34,,34.128,37.591,33.133
12/18/16 14:44,,33.629,36.095,34.632
12/18/16 14:54,,34.128,36.594,34.632
12/18/16 15:04,,33.629,37.591,34.632
12/18/16 15:14,,34.128,37.092,35.131
12/18/16 15:24,,36.124,37.591,35.631
12/18/16 15:34,,34.128,37.591,35.131
12/18/16 15:44,,33.13,38.09,34.632
12/18/16 15:54,,33.629,37.591,35.131
12/18/16 16:04,,34.128,37.591,36.629
12/18/16 16:14,,31.632,37.591,36.13
12/18/16 16:24,,30.633,37.591,36.13
12/18/16 16:34,,31.632,36.594,35.131
12/18/16 16:44,,30.134,37.591,36.13
12/18/16 16:54,,30.134,37.591,36.13
12/18/16 17:04,,31.632,36.594,35.631
12/18/16 17:14,,31.133,37.092,36.13
12/18/16 17:24,,29.634,37.092,36.13
12/18/16 17:34,,28.635,37.591,36.13
12/18/16 17:44,,29.135,36.594,35.131
12/18/16 17:54,,30.134,36.594,34.632
12/18/16 18:04,,28.635,35.596,34.132
12/18/16 18:14,,28.136,35.596,35.131
12/18/16 18:24,,28.136,35.097,34.632
12/18/16 18:34,,27.136,34.099,33.133
12/18/16 18:44,,27.136,34.099,33.133
12/18/16 18:54,,26.636,32.602,29.636
12/18/16 19:04,,26.137,27.607,28.636
12/18/16 19:14,,26.137,24.607,27.137
12/18/16 19:24,,25.637,23.107,28.636
12/18/16 19:34,,24.637,21.605,26.637
12/18/16 19:44,,24.137,19.603,29.136
12/18/16 19:54,,23.136,18.602,27.137
12/18/16 20:04,,22.636,17.6,21.636
12/18/16 20:14,,21.135,16.097,18.634
12/18/16 20:24,,20.135,15.596,17.633
12/18/16 20:34,,19.634,14.593,17.133
12/18/16 20:44,,19.134,14.092,15.631
12/18/16 20:54,,18.132,12.588,14.63
12/18/16 21:04,,18.132,12.086,14.63
12/18/16 21:14,,17.632,12.086,13.128
12/18/16 21:24,,17.632,11.584,12.627
12/18/16 21:34,,17.131,11.584,12.627
12/18/16 21:44,,17.632,11.584,14.129
12/18/16 21:54,,17.632,12.086,15.13
12/18/16 22:04,,17.131,12.086,13.128
12/18/16 22:14,,16.129,11.584,13.128
12/18/16 22:24,,16.129,11.584,12.126
12/18/16 22:34,,16.63,11.584,11.125
12/18/16 22:44,,17.131,12.588,14.63
12/18/16 22:54,,18.132,13.089,14.129
12/18/16 23:04,,18.132,13.59,14.63
12/18/16 23:14,,18.132,14.092,15.631
12/18/16 23:24,,17.632,16.097,16.632
12/18/16 23:34,,18.633,17.099,18.134
12/18/16 23:44,,19.134,17.099,18.134
12/18/16 23:54,,18.633,17.099,18.134
12/19/16 0:04,,18.633,17.099,17.633
12/19/16 0:14,,18.633,17.099,17.633
12/19/16 0:24,,18.633,17.099,17.633
12/19/16 0:34,,18.132,17.099,17.633
12/19/16 0:44,,18.132,17.099,17.133
12/19/16 0:54,,17.632,17.099,17.133
12/19/16 1:04,,17.632,17.099,17.133
12/19/16 1:14,,17.632,16.598,16.632
12/19/16 1:24,,17.131,16.598,16.632
12/19/16 1:34,,17.131,16.598,16.632
12/19/16 1:44,,17.131,16.598,16.632
12/19/16 1:54,,17.131,16.598,16.632
12/19/16 2:04,,17.131,16.598,16.132
12/19/16 2:14,,16.63,16.598,16.632
12/19/16 2:24,,17.131,16.598,16.632
12/19/16 2:34,,16.63,16.598,16.132
12/19/16 2:44,,16.63,16.598,16.132
12/19/16 2:54,,16.63,16.097,16.132
12/19/16 3:04,,16.63,16.097,16.132
12/19/16 3:14,,16.63,16.097,16.132
12/19/16 3:24,,16.63,16.097,15.631
12/19/16 3:34,,16.63,15.596,15.631
12/19/16 3:44,,16.63,16.097,15.631
12/19/16 3:54,,16.129,15.596,15.631
12/19/16 4:04,,16.129,16.097,15.631
12/19/16 4:14,,16.129,15.596,15.631
12/19/16 4:24,,16.129,15.596,15.631
12/19/16 4:34,,16.129,15.596,15.13
12/19/16 4:44,,16.129,15.596,15.631
12/19/16 4:54,,16.129,15.596,15.13
12/19/16 5:04,,16.129,15.094,15.13
12/19/16 5:14,,15.629,15.094,15.13
12/19/16 5:24,,15.629,15.094,15.13
12/19/16 5:34,,15.629,15.094,14.63
12/19/16 5:44,,15.629,15.094,15.13
12/19/16 5:54,,15.629,15.094,14.63
12/19/16 6:04,,15.629,15.094,15.13
12/19/16 6:14,,15.629,15.094,15.13
12/19/16 6:24,,16.129,15.596,15.631
12/19/16 6:34,,16.129,16.097,16.132
12/19/16 6:44,,16.129,16.097,17.133
12/19/16 6:54,,16.63,16.598,17.633
12/19/16 7:04,,16.63,17.099,18.134
12/19/16 7:14,,17.131,18.602,18.634
12/19/16 7:24,,17.632,23.107,19.134
12/19/16 7:34,,17.632,25.607,19.635
12/19/16 7:44,,19.134,22.106,19.635
12/19/16 7:54,,19.134,21.605,19.635
12/19/16 8:04,,19.134,25.607,21.136
12/19/16 8:14,,19.634,28.606,22.136
12/19/16 8:24,,20.635,26.607,22.636
12/19/16 8:34,,21.135,27.607,23.637
12/19/16 8:44,,21.135,30.105,23.637
12/19/16 8:54,,23.136,27.107,24.137
12/19/16 9:04,,23.136,26.607,24.637
12/19/16 9:14,,23.136,33.6,26.137
12/19/16 9:24,,24.637,28.606,24.637
12/19/16 9:34,,23.136,33.101,28.136
12/19/16 9:44,,25.137,31.104,27.636
12/19/16 9:54,,25.137,33.101,28.136
12/19/16 10:04,,25.137,34.099,29.636
12/19/16 10:14,,25.637,31.603,26.637
12/19/16 10:24,,26.137,31.603,27.636
12/19/16 10:34,,26.137,34.099,28.136
12/19/16 10:44,,27.136,31.104,29.136
12/19/16 10:54,,25.637,31.603,30.135
12/19/16 11:04,,29.135,34.598,30.635
12/19/16 11:14,,30.134,33.6,31.635
12/19/16 11:24,,29.634,34.598,32.634
12/19/16 11:34,,29.634,32.103,28.136
12/19/16 11:44,,30.633,34.598,32.134
12/19/16 11:54,,31.133,35.097,31.135
12/19/16 12:04,,31.632,36.095,32.134
12/19/16 12:14,,31.632,35.596,33.133
12/19/16 12:24,,30.134,35.596,32.634
12/19/16 12:34,,33.629,36.594,33.133
12/19/16 12:44,,31.632,31.603,31.135
12/19/16 12:54,,30.134,34.598,33.633
12/19/16 13:04,,34.128,35.596,31.635
12/19/16 13:14,,33.13,36.594,36.629
12/19/16 13:24,,33.13,36.594,35.131
12/19/16 13:34,,33.629,37.591,35.631
12/19/16 13:44,,33.629,37.092,37.129
12/19/16 13:54,,34.128,38.09,32.634
12/19/16 14:04,,31.632,36.095,37.129
12/19/16 14:14,,35.126,38.09,38.127
12/19/16 14:24,,36.623,39.087,38.627
12/19/16 14:34,,36.124,38.588,38.127
12/19/16 14:44,,36.623,39.087,36.13
12/19/16 14:54,,35.625,38.588,40.124
12/19/16 15:04,,32.631,35.097,37.628
12/19/16 15:14,,37.62,39.585,39.625
12/19/16 15:24,,37.62,38.588,37.129
12/19/16 15:34,,33.13,37.591,39.625
12/19/16 15:44,,36.623,39.087,38.127
12/19/16 15:54,,35.625,38.588,38.627
12/19/16 16:04,,37.122,38.588,39.625
12/19/16 16:14,,35.625,40.083,41.621
12/19/16 16:24,,34.627,40.582,40.623
12/19/16 16:34,,34.627,39.585,39.126
12/19/16 16:44,,33.629,40.083,39.625
12/19/16 16:54,,34.128,39.585,41.122
12/19/16 17:04,,35.126,38.588,42.121
12/19/16 17:14,,35.126,39.585,43.617
12/19/16 17:24,,33.629,40.083,40.623
12/19/16 17:34,,33.629,39.585,41.122
12/19/16 17:44,,33.13,38.588,40.124
12/19/16 17:54,,33.629,37.092,38.627
12/19/16 18:04,,33.13,38.09,38.127
12/19/16 18:14,,32.131,38.09,39.625
12/19/16 18:24,,31.632,34.598,35.131
12/19/16 18:34,,31.133,33.101,35.631
12/19/16 18:44,,31.133,32.602,32.134
12/19/16 18:54,,30.633,36.095,34.132
12/19/16 19:04,,30.633,32.602,32.134
12/19/16 19:14,,30.134,29.106,29.136
12/19/16 19:24,,29.135,28.606,30.135
12/19/16 19:34,,28.635,27.107,28.136
12/19/16 19:44,,27.636,25.107,25.637
12/19/16 19:54,,27.136,23.107,23.637
12/19/16 20:04,,26.137,22.106,21.636
12/19/16 20:14,,25.637,20.604,21.636
12/19/16 20:24,,25.137,20.604,20.635
12/19/16 20:34,,23.637,20.104,19.635
12/19/16 20:44,,22.136,18.602,19.134
12/19/16 20:54,,22.136,18.101,18.134
12/19/16 21:04,,22.136,18.602,17.633
12/19/16 21:14,,22.136,18.602,18.634
12/19/16 21:24,,21.135,18.101,18.134
12/19/16 21:34,,20.635,17.099,17.133
12/19/16 21:44,,20.635,17.099,17.133
12/19/16 21:54,,20.635,17.099,17.633
12/19/16 22:04,,20.135,17.099,16.632
12/19/16 22:14,,19.634,16.598,16.632
12/19/16 22:24,,20.135,16.598,16.632
12/19/16 22:34,,20.135,16.598,15.631
12/19/16 22:44,,20.135,16.097,16.132
12/19/16 22:54,,18.633,16.598,15.631
12/19/16 23:04,,19.134,16.598,16.132
12/19/16 23:14,,20.135,16.598,16.132
12/19/16 23:24,,20.635,16.598,15.13
12/19/16 23:34,,20.135,16.598,15.631
12/19/16 23:44,,20.135,16.097,15.631
12/19/16 23:54,,19.134,16.097,15.631
12/20/16 0:04,,19.634,16.097,15.13
12/20/16 0:14,,19.134,16.598,16.632
12/20/16 0:24,,19.634,16.598,17.633
12/20/16 0:34,,20.135,17.6,19.134
12/20/16 0:44,,20.635,18.602,19.134
12/20/16 0:54,,20.635,18.101,18.634
12/20/16 1:04,,20.135,18.602,18.134
12/20/16 1:14,,20.135,18.602,18.634
12/20/16 1:24,,19.634,18.602,18.134
12/20/16 1:34,,19.634,17.6,18.134
12/20/16 1:44,,19.134,18.101,17.133
12/20/16 1:54,,19.634,17.099,17.633
12/20/16 2:04,,19.134,17.099,17.133
12/20/16 2:14,,19.634,17.099,17.133
12/20/16 2:24,,19.134,16.598,17.633
12/20/16 2:34,,19.134,17.099,17.133
12/20/16 2:44,,19.134,17.099,17.633
12/20/16 2:54,,18.633,16.598,16.632
12/20/16 3:04,,18.633,16.097,16.132
12/20/16 3:14,,18.132,16.097,16.632
12/20/16 3:24,,18.132,15.596,16.632
12/20/16 3:34,,18.132,15.596,15.631
12/20/16 3:44,,17.632,16.097,15.631
12/20/16 3:54,,17.632,16.598,16.632
12/20/16 4:04,,18.132,16.598,16.632
12/20/16 4:14,,18.132,16.097,16.632
12/20/16 4:24,,18.132,16.097,16.632
12/20/16 4:34,,18.132,16.598,16.632
12/20/16 4:44,,18.132,16.598,16.632
12/20/16 4:54,,18.132,17.099,17.133
12/20/16 5:04,,18.132,17.099,16.632
12/20/16 5:14,,18.132,17.099,16.632
12/20/16 5:24,,18.132,16.598,16.132
12/20/16 5:34,,18.132,16.598,16.632
12/20/16 5:44,,17.632,16.598,17.133
12/20/16 5:54,,18.132,17.099,17.133
12/20/16 6:04,,18.132,17.099,17.133
12/20/16 6:14,,18.132,17.6,17.633
12/20/16 6:24,,18.132,17.6,18.134
12/20/16 6:34,,18.633,18.101,17.633
12/20/16 6:44,,18.633,18.101,18.134
12/20/16 6:54,,18.633,18.602,18.134
12/20/16 7:04,,18.132,19.102,18.634
12/20/16 7:14,,19.134,20.104,20.135
12/20/16 7:24,,19.634,21.605,22.136
12/20/16 7:34,,20.635,23.107,22.136
12/20/16 7:44,,21.135,22.606,21.636
12/20/16 7:54,,21.135,22.106,21.636
12/20/16 8:04,,22.136,30.105,26.137
12/20/16 8:14,,23.637,31.603,28.136
12/20/16 8:24,,24.637,29.106,26.137
12/20/16 8:34,,24.137,27.107,25.137
12/20/16 8:44,,25.637,33.101,30.635
12/20/16 8:54,,27.136,34.598,30.135
12/20/16 9:04,,27.636,34.099,30.135
12/20/16 9:14,,27.636,35.097,30.635
12/20/16 9:24,,28.635,37.092,33.133
12/20/16 9:34,,29.634,36.095,31.135
12/20/16 9:44,,29.135,36.095,33.633
12/20/16 9:54,,30.134,37.591,33.633
12/20/16 10:04,,30.633,38.588,34.132
12/20/16 10:14,,30.134,38.09,34.632
12/20/16 10:24,,31.133,38.09,35.631
12/20/16 10:34,,31.632,38.588,35.131
12/20/16 10:44,,30.633,35.596,35.131
12/20/16 10:54,,35.126,39.087,35.631
12/20/16 11:04,,32.631,35.596,34.632
12/20/16 11:14,,33.13,39.087,37.129
12/20/16 11:24,,35.625,38.588,35.631
12/20/16 11:34,,32.131,35.596,35.131
12/20/16 11:44,,34.128,36.095,34.632
12/20/16 11:54,,34.128,37.591,34.632
12/20/16 12:04,,33.629,36.095,34.632
12/20/16 12:14,,36.124,40.083,37.628
12/20/16 12:24,,39.116,41.578,37.628
12/20/16 12:34,,39.615,40.083,39.625
12/20/16 12:44,,38.119,40.083,38.627
12/20/16 12:54,,38.618,40.582,40.623
12/20/16 13:04,,40.114,41.08,39.126
12/20/16 13:14,,38.119,41.08,41.122
12/20/16 13:24,,40.114,41.08,40.124
12/20/16 13:34,,40.114,41.578,40.623
12/20/16 13:44,,39.615,41.578,40.124
12/20/16 13:54,,40.612,42.076,40.124
12/20/16 14:04,,41.11,42.076,42.121
12/20/16 14:14,,40.612,43.072,41.621
12/20/16 14:24,,41.609,43.072,42.121
12/20/16 14:34,,41.11,43.57,43.119
12/20/16 14:44,,43.104,43.57,42.121
12/20/16 14:54,,41.609,42.574,43.119
12/20/16 15:04,,42.605,42.574,43.119
12/20/16 15:14,,42.107,43.57,43.119
12/20/16 15:24,,42.605,43.072,43.617
12/20/16 15:34,,42.107,44.566,44.116
12/20/16 15:44,,41.609,43.57,44.615
12/20/16 15:54,,42.605,43.57,43.119
12/20/16 16:04,,41.609,45.064,43.617
12/20/16 16:14,,40.114,44.068,45.114
12/20/16 16:24,,39.615,43.072,43.617
12/20/16 16:34,,39.116,43.57,42.62
12/20/16 16:44,,38.618,43.072,44.615
12/20/16 16:54,,37.122,41.578,42.121
12/20/16 17:04,,39.116,44.068,45.114
12/20/16 17:14,,40.114,42.076,43.119
12/20/16 17:24,,37.62,42.076,42.121
12/20/16 17:34,,37.62,43.072,44.615
12/20/16 17:44,,37.122,42.574,41.621
12/20/16 17:54,,36.623,37.092,36.13
12/20/16 18:04,,35.625,37.591,36.13
12/20/16 18:14,,34.627,36.095,35.631
12/20/16 18:24,,34.128,35.097,36.13
12/20/16 18:34,,35.126,40.582,40.623
12/20/16 18:44,,35.126,39.087,39.126
12/20/16 18:54,,34.627,38.588,35.131
12/20/16 19:04,,33.13,33.101,33.133
12/20/16 19:14,,32.631,32.103,32.634
12/20/16 19:24,,32.131,31.603,32.634
12/20/16 19:34,,31.632,31.104,31.635
12/20/16 19:44,,31.632,31.104,35.131
12/20/16 19:54,,31.632,31.104,34.632
12/20/16 20:04,,31.133,29.606,31.135
12/20/16 20:14,,30.134,28.107,29.636
12/20/16 20:24,,29.634,26.607,28.636
12/20/16 20:34,,29.135,25.607,28.136
12/20/16 20:44,,28.635,24.607,27.137
12/20/16 20:54,,28.136,24.107,27.137
12/20/16 21:04,,27.636,22.606,26.637
12/20/16 21:14,,26.636,22.606,26.137
12/20/16 21:24,,26.636,22.106,26.637
12/20/16 21:34,,26.636,22.106,26.137
12/20/16 21:44,,26.636,22.606,26.637
12/20/16 21:54,,26.636,23.107,26.137
12/20/16 22:04,,26.636,22.106,25.637
12/20/16 22:14,,26.137,21.605,24.137
12/20/16 22:24,,25.637,21.605,23.637
12/20/16 22:34,,25.137,21.105,22.636
12/20/16 22:44,,24.637,20.604,22.136
12/20/16 22:54,,24.637,20.104,21.136
12/20/16 23:04,,23.637,20.104,20.635
12/20/16 23:14,,23.637,19.603,20.135
12/20/16 23:24,,22.636,19.102,19.635
12/20/16 23:34,,22.636,19.102,20.135
12/20/16 23:44,,23.637,19.102,20.135
12/20/16 23:54,,23.637,19.102,19.134
12/21/16 0:04,,23.136,19.102,19.635
12/21/16 0:14,,23.136,19.102,19.635
12/21/16 0:24,,22.636,18.602,18.634
12/21/16 0:34,,22.136,18.602,18.634
12/21/16 0:44,,21.636,18.101,18.134
12/21/16 0:54,,22.136,18.101,18.634
12/21/16 1:04,,21.636,18.101,18.134
12/21/16 1:14,,21.135,18.101,18.634
12/21/16 1:24,,21.636,18.602,18.634
12/21/16 1:34,,21.636,18.101,17.633
12/21/16 1:44,,21.636,17.6,17.133
12/21/16 1:54,,21.135,17.6,17.133
12/21/16 2:04,,20.635,17.6,17.133
12/21/16 2:14,,19.134,17.6,16.632
12/21/16 2:24,,18.633,17.099,16.632
12/21/16 2:34,,18.132,16.598,15.631
12/21/16 2:44,,18.633,16.097,15.631
12/21/16 2:54,,19.634,16.097,15.13
12/21/16 3:04,,19.634,16.097,15.13
12/21/16 3:14,,20.135,16.598,16.132
12/21/16 3:24,,19.134,16.097,15.13
12/21/16 3:34,,18.633,16.097,15.13
12/21/16 3:44,,18.633,15.596,14.63
12/21/16 3:54,,18.633,15.094,16.132
12/21/16 4:04,,18.132,15.094,15.631
12/21/16 4:14,,18.132,15.094,16.132
12/21/16 4:24,,18.132,15.596,17.133
12/21/16 4:34,,19.134,15.596,18.134
12/21/16 4:44,,19.134,16.097,18.634
12/21/16 4:54,,18.633,15.596,18.634
12/21/16 5:04,,19.634,15.094,18.634
12/21/16 5:14,,19.134,15.094,18.634
12/21/16 5:24,,19.634,15.094,18.134
12/21/16 5:34,,19.134,15.094,18.134
12/21/16 5:44,,19.134,15.094,17.633
12/21/16 5:54,,18.633,15.094,17.133
12/21/16 6:04,,18.633,15.094,17.133
12/21/16 6:14,,18.132,15.094,17.633
12/21/16 6:24,,18.132,15.094,18.134
12/21/16 6:34,,18.132,15.596,19.635
12/21/16 6:44,,18.633,16.097,21.136
12/21/16 6:54,,19.134,17.099,23.136
12/21/16 7:04,,19.634,18.101,23.637
12/21/16 7:14,,20.135,20.604,24.637
12/21/16 7:24,,21.135,30.105,25.637
12/21/16 7:34,,22.136,32.103,26.137
12/21/16 7:44,,22.636,33.101,26.137
12/21/16 7:54,,22.636,28.107,24.637
12/21/16 8:04,,23.136,31.603,25.137
12/21/16 8:14,,23.637,33.101,26.137
12/21/16 8:24,,24.137,30.605,27.636
12/21/16 8:34,,24.137,34.099,29.136
12/21/16 8:44,,25.637,37.591,30.635
12/21/16 8:54,,26.636,36.594,29.636
12/21/16 9:04,,26.636,34.099,29.136
12/21/16 9:14,,26.636,38.588,31.635
12/21/16 9:24,,27.136,36.095,32.134
12/21/16 9:34,,27.636,39.087,31.135
12/21/16 9:44,,27.636,39.087,31.135
12/21/16 9:54,,27.636,39.585,32.134
12/21/16 10:04,,28.635,40.083,30.635
12/21/16 10:14,,28.136,39.087,31.635
12/21/16 10:24,,29.135,39.087,33.633
12/21/16 10:34,,29.135,39.087,32.634
12/21/16 10:44,,30.134,40.083,33.133
12/21/16 10:54,,33.13,39.585,32.634
12/21/16 11:04,,33.629,39.087,32.634
12/21/16 11:14,,34.128,38.588,32.634
12/21/16 11:24,,33.629,40.083,33.633
12/21/16 11:34,,35.625,39.087,33.633
12/21/16 11:44,,36.124,40.083,33.633
12/21/16 11:54,,36.124,38.588,33.633
12/21/16 12:04,,36.623,38.588,34.132
12/21/16 12:14,,37.122,38.588,34.632
12/21/16 12:24,,37.62,38.588,35.131
12/21/16 12:34,,37.122,37.591,35.631
12/21/16 12:44,,37.122,38.588,35.131
12/21/16 12:54,,37.122,38.588,35.631
12/21/16 13:04,,39.116,38.588,36.13
12/21/16 13:14,,38.119,39.087,36.629
12/21/16 13:24,,38.119,38.588,36.629
12/21/16 13:34,,40.114,39.585,37.129
12/21/16 13:44,,37.62,39.585,37.129
12/21/16 13:54,,38.119,39.585,38.127
12/21/16 14:04,,38.119,39.585,37.628
12/21/16 14:14,,37.62,40.582,39.126
12/21/16 14:24,,39.116,40.083,39.126
12/21/16 14:34,,38.618,40.582,38.127
12/21/16 14:44,,39.615,40.582,38.627
12/21/16 14:54,,38.618,40.083,39.126
12/21/16 15:04,,39.116,41.578,40.124
12/21/16 15:14,,39.116,40.582,39.625
12/21/16 15:24,,40.612,40.083,39.126
12/21/16 15:34,,40.114,40.582,40.124
12/21/16 15:44,,40.114,41.08,39.126
12/21/16 15:54,,40.114,41.08,39.625
12/21/16 16:04,,38.618,40.582,39.625
12/21/16 16:14,,36.623,40.582,40.124
12/21/16 16:24,,35.625,41.578,40.124
12/21/16 16:34,,36.124,40.582,39.126
12/21/16 16:44,,34.627,40.582,40.124
12/21/16 16:54,,35.126,40.582,40.124
12/21/16 17:04,,36.124,40.582,40.124
12/21/16 17:14,,36.124,40.083,38.627
12/21/16 17:24,,34.128,40.083,39.126
12/21/16 17:34,,33.629,39.087,38.127
12/21/16 17:44,,33.13,39.087,38.627
12/21/16 17:54,,33.629,38.588,38.627
12/21/16 18:04,,33.13,38.09,38.127
12/21/16 18:14,,32.631,38.09,38.627
12/21/16 18:24,,33.13,37.092,37.628
12/21/16 18:34,,31.632,37.092,37.628
12/21/16 18:44,,31.133,36.594,36.629
12/21/16 18:54,,30.633,35.596,33.133
12/21/16 19:04,,30.134,31.603,32.134
12/21/16 19:14,,29.634,28.606,30.635
12/21/16 19:24,,29.135,27.607,32.134
12/21/16 19:34,,28.635,27.107,30.135
12/21/16 19:44,,28.136,25.107,32.634
12/21/16 19:54,,27.136,23.607,30.635
12/21/16 20:04,,26.137,21.105,26.137
12/21/16 20:14,,25.137,19.102,22.636
12/21/16 20:24,,24.137,18.101,20.635
12/21/16 20:34,,23.136,17.099,20.635
12/21/16 20:44,,22.636,16.097,18.634
12/21/16 20:54,,22.136,15.596,17.633
12/21/16 21:04,,21.636,15.094,17.133
12/21/16 21:14,,22.136,15.094,17.133
12/21/16 21:24,,21.636,15.596,17.633
12/21/16 21:34,,21.135,15.596,18.134
12/21/16 21:44,,20.635,14.593,16.132
12/21/16 21:54,,20.635,14.593,17.133
12/21/16 22:04,,20.635,14.092,17.633
12/21/16 22:14,,20.135,14.593,18.134
12/21/16 22:24,,20.135,14.593,18.634
12/21/16 22:34,,19.634,14.092,18.134
12/21/16 22:44,,19.634,14.092,17.133
12/21/16 22:54,,19.134,14.092,16.632
12/21/16 23:04,,18.633,13.59,16.132
12/21/16 23:14,,18.633,14.092,16.132
12/21/16 23:24,,18.633,13.59,15.631
12/21/16 23:34,,18.132,13.089,14.63
12/21/16 23:44,,18.132,12.588,13.628
12/21/16 23:54,,18.132,12.588,13.628
12/22/16 0:04,,18.132,12.588,13.128
12/22/16 0:14,,18.132,12.086,13.128
12/22/16 0:24,,17.632,12.086,13.128
12/22/16 0:34,,17.632,12.086,12.627
12/22/16 0:44,,17.131,12.086,13.128
12/22/16 0:54,,16.63,12.086,12.627
12/22/16 1:04,,17.131,12.086,13.628
12/22/16 1:14,,17.632,12.086,13.628
12/22/16 1:24,,17.131,12.588,13.128
12/22/16 1:34,,17.131,12.086,13.128
12/22/16 1:44,,17.131,12.086,12.627
12/22/16 1:54,,17.131,12.086,11.625
12/22/16 2:04,,16.63,11.584,11.125
12/22/16 2:14,,16.63,11.584,10.123
12/22/16 2:24,,16.129,11.584,11.125
12/22/16 2:34,,16.63,12.086,13.628
12/22/16 2:44,,16.129,12.588,14.63
12/22/16 2:54,,17.131,14.092,15.13
12/22/16 3:04,,17.131,13.59,14.63
12/22/16 3:14,,17.131,13.089,14.129
12/22/16 3:24,,16.129,12.588,13.128
12/22/16 3:34,,15.629,12.086,12.627
12/22/16 3:44,,15.629,12.086,12.627
12/22/16 3:54,,15.629,12.086,12.126
12/22/16 4:04,,15.629,12.086,12.126
12/22/16 4:14,,16.129,12.588,13.128
12/22/16 4:24,,16.129,12.588,13.128
12/22/16 4:34,,15.629,12.086,13.128
12/22/16 4:44,,16.129,12.588,14.129
12/22/16 4:54,,16.129,12.588,14.63
12/22/16 5:04,,16.63,13.59,15.13
12/22/16 5:14,,16.63,13.59,15.13
12/22/16 5:24,,16.63,14.092,15.13
12/22/16 5:34,,16.63,14.593,15.13
12/22/16 5:44,,16.63,14.092,15.13
12/22/16 5:54,,16.63,14.593,15.13
12/22/16 6:04,,16.63,14.593,15.631
12/22/16 6:14,,17.131,15.094,16.132
12/22/16 6:24,,17.131,15.094,17.133
12/22/16 6:34,,17.632,15.596,18.134
12/22/16 6:44,,17.632,16.097,19.134
12/22/16 6:54,,18.132,17.099,19.635
12/22/16 7:04,,18.633,18.101,20.635
12/22/16 7:14,,19.134,19.603,21.136
12/22/16 7:24,,19.634,25.107,21.636
12/22/16 7:34,,20.135,28.107,22.136
12/22/16 7:44,,20.635,28.107,23.136
12/22/16 7:54,,21.135,29.106,24.137
12/22/16 8:04,,21.135,29.606,24.137
12/22/16 8:14,,21.636,29.606,25.137
12/22/16 8:24,,22.136,29.606,25.137
12/22/16 8:34,,22.636,31.104,25.637
12/22/16 8:44,,23.637,31.104,26.137
12/22/16 8:54,,25.137,34.099,27.636
12/22/16 9:04,,24.637,32.602,27.636
12/22/16 9:14,,24.637,34.099,28.136
12/22/16 9:24,,24.637,35.097,29.636
12/22/16 9:34,,25.637,34.099,29.136
12/22/16 9:44,,25.637,34.598,29.636
12/22/16 9:54,,26.137,35.097,30.135
12/22/16 10:04,,27.636,36.095,30.635
12/22/16 10:14,,27.136,37.591,32.134
12/22/16 10:24,,28.136,35.596,32.634
12/22/16 10:34,,28.136,37.092,32.134
12/22/16 10:44,,29.135,37.092,32.634
12/22/16 10:54,,31.632,37.092,33.633
12/22/16 11:04,,33.629,37.591,32.634
12/22/16 11:14,,35.126,37.591,34.132
12/22/16 11:24,,34.128,38.588,34.632
12/22/16 11:34,,35.126,38.588,34.632
12/22/16 11:44,,35.625,38.588,34.632
12/22/16 11:54,,36.623,38.588,35.131
12/22/16 12:04,,35.625,39.087,35.631
12/22/16 12:14,,36.124,38.09,35.631
12/22/16 12:24,,35.625,38.09,36.629
12/22/16 12:34,,38.119,38.588,36.629
12/22/16 12:44,,37.62,39.087,37.129
12/22/16 12:54,,37.62,39.087,37.628
12/22/16 13:04,,37.62,39.087,37.628
12/22/16 13:14,,37.62,39.087,38.127
12/22/16 13:24,,39.116,40.083,38.627
12/22/16 13:34,,38.119,39.585,38.127
12/22/16 13:44,,37.122,40.083,38.627
12/22/16 13:54,,37.62,40.582,39.625
12/22/16 14:04,,38.618,40.083,40.124
12/22/16 14:14,,37.62,39.585,40.623
12/22/16 14:24,,39.116,40.083,41.122
12/22/16 14:34,,39.615,40.083,40.623
12/22/16 14:44,,39.116,40.582,42.121
12/22/16 14:54,,40.612,40.582,41.122
12/22/16 15:04,,41.609,41.578,41.122
12/22/16 15:14,,40.612,43.072,42.62
12/22/16 15:24,,41.609,41.578,42.62
12/22/16 15:34,,40.612,41.08,42.62
12/22/16 15:44,,41.11,42.076,43.617
12/22/16 15:54,,41.11,41.578,45.114
12/22/16 16:04,,38.618,43.072,43.119
12/22/16 16:14,,37.122,42.574,44.116
12/22/16 16:24,,37.122,42.574,43.617
12/22/16 16:34,,36.623,42.076,43.119
12/22/16 16:44,,36.623,42.076,44.615
12/22/16 16:54,,35.126,42.574,46.112
12/22/16 17:04,,36.623,41.08,45.114
12/22/16 17:14,,37.62,42.574,43.617
12/22/16 17:24,,35.126,41.578,44.116
12/22/16 17:34,,34.627,42.076,45.613
12/22/16 17:44,,34.128,41.578,43.119
12/22/16 17:54,,34.627,40.582,43.119
12/22/16 18:04,,34.627,40.582,44.116
12/22/16 18:14,,34.128,40.582,42.62
12/22/16 18:24,,34.128,39.585,41.122
12/22/16 18:34,,33.13,38.588,40.124
12/22/16 18:44,,32.631,38.588,40.623
12/22/16 18:54,,32.131,38.09,36.13
12/22/16 19:04,,32.131,34.598,35.131
12/22/16 19:14,,31.632,31.104,32.634
12/22/16 19:24,,31.133,30.105,34.632
12/22/16 19:34,,30.633,29.106,32.134
12/22/16 19:44,,30.134,27.107,33.633
12/22/16 19:54,,29.135,25.107,31.635
12/22/16 20:04,,28.136,23.607,27.137
12/22/16 20:14,,27.136,21.605,23.136
12/22/16 20:24,,26.636,20.604,21.136
12/22/16 20:34,,25.637,19.603,20.135
12/22/16 20:44,,25.137,19.603,19.635
12/22/16 20:54,,25.137,18.602,19.134
12/22/16 21:04,,24.637,18.101,18.634
12/22/16 21:14,,24.137,18.101,18.634
12/22/16 21:24,,24.137,18.101,18.634
12/22/16 21:34,,24.137,18.602,20.135
12/22/16 21:44,,25.637,22.106,24.637
12/22/16 21:54,,26.137,24.107,25.137
12/22/16 22:04,,26.137,25.107,25.137
12/22/16 22:14,,26.137,25.107,25.137
12/22/16 22:24,,25.637,24.607,24.637
12/22/16 22:34,,25.137,24.107,24.137
12/22/16 22:44,,25.137,24.107,23.637
12/22/16 22:54,,24.137,23.107,23.136
12/22/16 23:04,,24.137,22.606,22.636
12/22/16 23:14,,23.637,22.606,23.136
12/22/16 23:24,,23.637,22.606,22.636
12/22/16 23:34,,23.136,22.606,22.136
12/22/16 23:44,,23.136,22.106,22.136
12/22/16 23:54,,22.636,21.605,21.136
12/23/16 0:04,,22.136,21.605,21.636
12/23/16 0:14,,22.136,21.105,21.636
12/23/16 0:24,,21.636,20.604,20.635
12/23/16 0:34,,21.135,20.104,19.635
12/23/16 0:44,,21.135,20.104,20.635
12/23/16 0:54,,21.636,21.105,21.136
12/23/16 1:04,,21.636,21.105,20.635
12/23/16 1:14,,21.135,21.105,20.635
12/23/16 1:24,,21.135,20.604,20.635
12/23/16 1:34,,21.135,21.105,20.635
12/23/16 1:44,,21.135,20.604,20.635
12/23/16 1:54,,21.135,20.604,20.635
12/23/16 2:04,,21.135,20.104,20.135
12/23/16 2:14,,20.635,20.104,20.135
12/23/16 2:24,,20.635,20.104,20.135
12/23/16 2:34,,20.635,20.104,19.635
12/23/16 2:44,,20.635,20.104,19.635
12/23/16 2:54,,20.635,20.104,19.635
12/23/16 3:04,,20.135,20.104,19.635
12/23/16 3:14,,20.135,19.603,19.635
12/23/16 3:24,,20.135,19.603,19.134
12/23/16 3:34,,19.634,19.102,19.134
12/23/16 3:44,,19.634,19.603,19.134
12/23/16 3:54,,19.634,19.102,19.134
12/23/16 4:04,,19.634,19.102,18.634
12/23/16 4:14,,19.134,19.102,18.634
12/23/16 4:24,,19.134,18.602,18.134
12/23/16 4:34,,19.134,18.101,18.134
12/23/16 4:44,,18.633,18.602,18.134
12/23/16 4:54,,18.633,18.101,18.134
12/23/16 5:04,,18.633,18.101,17.633
12/23/16 5:14,,18.633,17.6,17.633
12/23/16 5:24,,18.633,18.101,17.633
12/23/16 5:34,,18.633,18.101,17.633
12/23/16 5:44,,18.132,17.6,17.133
12/23/16 5:54,,18.132,17.099,17.133
12/23/16 6:04,,18.132,17.6,17.133
12/23/16 6:14,,18.132,17.6,17.633
12/23/16 6:24,,18.633,17.6,18.634
12/23/16 6:34,,18.633,18.101,19.134
12/23/16 6:44,,18.633,18.602,20.135
12/23/16 6:54,,19.134,19.102,21.136
12/23/16 7:04,,19.634,19.603,21.136
12/23/16 7:14,,19.634,20.604,22.636
12/23/16 7:24,,20.135,27.107,23.136
12/23/16 7:34,,20.635,29.106,23.637
12/23/16 7:44,,21.135,30.105,24.637
12/23/16 7:54,,21.636,30.105,25.137
12/23/16 8:04,,22.136,31.104,26.137
12/23/16 8:14,,23.136,31.603,27.137
12/23/16 8:24,,23.637,32.602,28.136
12/23/16 8:34,,24.137,32.103,27.636
12/23/16 8:44,,25.637,32.602,28.136
12/23/16 8:54,,26.636,33.6,29.636
12/23/16 9:04,,25.637,33.101,29.136
12/23/16 9:14,,26.636,34.598,30.635
12/23/16 9:24,,26.636,34.099,30.135
12/23/16 9:34,,27.136,35.097,31.135
12/23/16 9:44,,27.636,35.596,31.635
12/23/16 9:54,,28.635,36.095,32.134
12/23/16 10:04,,29.135,37.092,32.634
12/23/16 10:14,,29.634,36.095,34.132
12/23/16 10:24,,30.633,37.092,33.633
12/23/16 10:34,,30.633,37.092,33.633
12/23/16 10:44,,31.632,38.588,33.633
12/23/16 10:54,,33.13,37.092,34.632
12/23/16 11:04,,34.128,39.087,34.632
12/23/16 11:14,,35.126,38.588,35.631
12/23/16 11:24,,35.625,39.087,35.631
12/23/16 11:34,,35.625,39.087,35.631
12/23/16 11:44,,36.623,39.585,35.631
12/23/16 11:54,,36.623,38.588,35.631
12/23/16 12:04,,36.124,38.09,36.13
12/23/16 12:14,,36.124,39.087,36.629
12/23/16 12:24,,37.62,39.585,36.629
12/23/16 12:34,,37.122,39.585,36.629
12/23/16 12:44,,37.122,39.087,37.628
12/23/16 12:54,,37.122,39.585,37.129
12/23/16 13:04,,38.119,39.585,37.628
12/23/16 13:14,,38.119,39.585,39.126
12/23/16 13:24,,38.119,39.585,38.627
12/23/16 13:34,,38.618,39.585,39.126
12/23/16 13:44,,37.62,40.083,39.625
12/23/16 13:54,,38.119,40.582,40.124
12/23/16 14:04,,39.116,39.585,40.124
12/23/16 14:14,,38.618,40.582,39.625
12/23/16 14:24,,39.116,40.083,40.623
12/23/16 14:34,,39.116,40.582,42.62
12/23/16 14:44,,40.612,41.578,41.621
12/23/16 14:54,,39.116,41.08,43.617
12/23/16 15:04,,41.609,42.574,43.119
12/23/16 15:14,,40.612,41.578,42.121
12/23/16 15:24,,40.612,43.57,44.615
12/23/16 15:34,,42.605,44.068,44.615
12/23/16 15:44,,36.623,36.095,36.629
12/23/16 15:54,,36.124,40.083,42.121
12/23/16 16:04,,36.623,39.585,45.114
12/23/16 16:14,,40.612,44.068,47.608
12/23/16 16:24,,39.615,45.064,47.608
12/23/16 16:34,,39.615,45.064,46.112
12/23/16 16:44,,39.615,43.57,45.613
12/23/16 16:54,,37.122,37.591,38.127
12/23/16 17:04,,34.627,34.598,34.632
12/23/16 17:14,,35.126,36.095,44.116
12/23/16 17:24,,38.119,40.582,45.114
12/23/16 17:34,,37.122,41.578,45.613
12/23/16 17:44,,37.122,41.578,46.112
12/23/16 17:54,,34.627,34.598,34.632
12/23/16 18:04,,35.126,38.588,43.617
12/23/16 18:14,,35.625,36.594,35.131
12/23/16 18:24,,33.13,32.602,32.634
12/23/16 18:34,,34.128,37.591,43.119
12/23/16 18:44,,34.627,38.588,42.62
12/23/16 18:54,,34.627,38.588,38.127
12/23/16 19:04,,34.627,36.095,37.129
12/23/16 19:14,,34.128,33.6,34.132
12/23/16 19:24,,33.629,33.101,35.631
12/23/16 19:34,,33.13,32.602,33.633
12/23/16 19:44,,32.631,31.104,32.634
12/23/16 19:54,,31.632,29.106,29.136
12/23/16 20:04,,30.633,27.607,27.636
12/23/16 20:14,,29.634,25.107,25.637
12/23/16 20:24,,28.635,23.607,25.137
12/23/16 20:34,,28.136,22.606,24.137
12/23/16 20:44,,27.136,22.106,24.137
12/23/16 20:54,,27.636,22.106,23.136
12/23/16 21:04,,27.136,21.605,22.636
12/23/16 21:14,,26.137,21.605,21.136
12/23/16 21:24,,25.637,21.605,20.135
12/23/16 21:34,,25.137,21.105,19.635
12/23/16 21:44,,24.637,21.105,19.635
12/23/16 21:54,,25.637,21.105,20.135
12/23/16 22:04,,26.137,21.105,20.135
12/23/16 22:14,,26.137,21.105,20.135
12/23/16 22:24,,25.637,22.106,20.135
12/23/16 22:34,,26.137,22.606,20.635
12/23/16 22:44,,26.636,23.107,21.136
12/23/16 22:54,,26.636,24.607,21.136
12/23/16 23:04,,26.636,24.607,20.635
12/23/16 23:14,,26.636,25.607,20.635
12/23/16 23:24,,27.136,26.607,20.635
12/23/16 23:34,,28.136,27.607,21.636
12/23/16 23:44,,28.635,28.606,22.136
12/23/16 23:54,,28.635,28.606,24.137
12/24/16 0:04,,28.136,28.107,24.637
12/24/16 0:14,,28.136,27.607,24.637
12/24/16 0:24,,28.136,28.107,25.137
12/24/16 0:34,,28.136,26.607,24.137
12/24/16 0:44,,23.136,22.106,21.136
12/24/16 0:54,,20.635,20.104,19.635
12/24/16 1:04,,19.634,20.104,19.635
12/24/16 1:14,,18.633,18.602,18.634
12/24/16 1:24,,18.132,18.602,18.134
12/24/16 1:34,,18.633,18.602,18.634
12/24/16 1:44,,18.633,19.102,18.634
12/24/16 1:54,,18.633,19.102,19.134
12/24/16 2:04,,18.132,18.602,18.634
12/24/16 2:14,,18.132,18.602,18.634
12/24/16 2:24,,18.132,18.602,18.634
12/24/16 2:34,,18.132,18.602,18.634
12/24/16 2:44,,18.132,18.602,18.634
12/24/16 2:54,,18.132,18.101,18.634
12/24/16 3:04,,18.132,18.101,18.634
12/24/16 3:14,,18.132,18.101,18.634
12/24/16 3:24,,18.132,18.101,18.634
12/24/16 3:34,,18.132,18.101,18.634
12/24/16 3:44,,18.132,18.101,18.134
12/24/16 3:54,,18.132,18.101,18.134
12/24/16 4:04,,18.132,18.602,18.134
12/24/16 4:14,,18.633,18.602,18.634
12/24/16 4:24,,18.633,18.602,18.134
12/24/16 4:34,,18.633,18.602,18.134
12/24/16 4:44,,18.633,18.602,18.634
12/24/16 4:54,,18.633,18.602,18.634
12/24/16 5:04,,19.134,18.602,18.134
12/24/16 5:14,,19.134,18.602,18.634
12/24/16 5:24,,18.633,18.602,18.634
12/24/16 5:34,,18.633,18.602,18.634
12/24/16 5:44,,18.633,18.602,19.134
12/24/16 5:54,,19.134,18.602,19.134
12/24/16 6:04,,19.134,18.602,19.134
12/24/16 6:14,,19.134,18.602,19.134
12/24/16 6:24,,19.634,19.102,19.134
12/24/16 6:34,,19.134,18.101,19.134
12/24/16 6:44,,18.633,18.101,18.634
12/24/16 6:54,,18.633,18.101,18.634
12/24/16 7:04,,18.132,18.101,18.634
12/24/16 7:14,,18.132,18.101,19.134
12/24/16 7:24,,18.132,18.101,19.134
12/24/16 7:34,,18.132,18.101,19.134
12/24/16 7:44,,18.132,18.602,19.134
12/24/16 7:54,,18.633,18.602,19.134
12/24/16 8:04,,18.633,18.602,19.635
12/24/16 8:14,,18.633,18.602,19.134
12/24/16 8:24,,18.633,18.602,19.635
12/24/16 8:34,,19.634,19.102,20.635
12/24/16 8:44,,19.634,20.104,21.136
12/24/16 8:54,,20.135,20.604,21.636
12/24/16 9:04,,20.135,20.604,21.136
12/24/16 9:14,,20.635,20.604,21.136
12/24/16 9:24,,21.135,21.605,23.136
12/24/16 9:34,,22.136,22.106,22.636
12/24/16 9:44,,22.636,24.107,28.136
12/24/16 9:54,,24.137,25.607,25.137
12/24/16 10:04,,23.637,26.607,28.636
12/24/16 10:14,,25.637,32.103,36.13
12/24/16 10:24,,26.636,31.603,35.631
12/24/16 10:34,,26.636,31.603,36.629
12/24/16 10:44,,27.636,31.104,36.13
12/24/16 10:54,,27.636,29.606,32.134
12/24/16 11:04,,29.634,35.097,40.124
12/24/16 11:14,,29.634,34.099,44.116
12/24/16 11:24,,30.633,34.598,48.605
12/24/16 11:34,,30.633,34.598,46.112
12/24/16 11:44,,32.131,36.095,52.095
12/24/16 11:54,,33.629,38.09,55.085
12/24/16 12:04,,33.629,38.588,56.082
12/24/16 12:14,,34.128,37.591,55.583
12/24/16 12:24,,32.631,34.598,45.613
12/24/16 12:34,,34.627,37.591,53.092
12/24/16 12:44,,31.632,36.594,53.092
12/24/16 12:54,,32.631,33.6,48.605
12/24/16 13:04,,31.632,36.095,49.603
12/24/16 13:14,,34.128,36.594,55.085
12/24/16 13:24,,33.629,37.591,59.07
12/24/16 13:34,,35.126,37.092,59.07
12/24/16 13:44,,34.128,37.092,55.085
12/24/16 13:54,,33.13,36.594,55.085
12/24/16 14:04,,34.128,37.591,55.583
12/24/16 14:14,,34.128,37.591,54.587
12/24/16 14:24,,34.627,38.09,55.583
12/24/16 14:34,,35.126,37.591,54.587
12/24/16 14:44,,34.627,38.588,54.089
12/24/16 14:54,,35.126,38.588,53.092
12/24/16 15:04,,35.126,38.09,52.095
12/24/16 15:14,,35.126,39.087,52.594
12/24/16 15:24,,35.625,39.087,52.095
12/24/16 15:34,,35.625,39.585,51.098
12/24/16 15:44,,36.623,39.585,52.095
12/24/16 15:54,,36.124,38.588,48.107
12/24/16 16:04,,35.126,38.09,45.613
12/24/16 16:14,,33.13,36.594,39.126
12/24/16 16:24,,31.632,33.101,34.632
12/24/16 16:34,,31.632,33.101,33.133
12/24/16 16:44,,31.632,32.103,31.135
12/24/16 16:54,,30.633,30.605,29.636
12/24/16 17:04,,29.634,29.106,28.136
12/24/16 17:14,,28.635,28.107,27.137
12/24/16 17:24,,28.136,27.607,26.137
12/24/16 17:34,,23.136,22.606,22.136
12/24/16 17:44,,20.635,19.603,20.135
12/24/16 17:54,,19.134,17.6,19.635
12/24/16 18:04,,17.632,17.6,19.134
12/24/16 18:14,,17.632,17.6,20.135
12/24/16 18:24,,18.132,18.101,20.635
12/24/16 18:34,,18.132,18.101,20.635
12/24/16 18:44,,18.132,18.101,20.135
12/24/16 18:54,,18.132,18.101,20.135
12/24/16 19:04,,17.632,18.101,20.635
12/24/16 19:14,,17.632,17.6,20.135
12/24/16 19:24,,17.632,17.6,20.135
12/24/16 19:34,,18.132,18.101,20.635
12/24/16 19:44,,18.633,18.101,21.636
12/24/16 19:54,,19.134,18.602,22.136
12/24/16 20:04,,19.134,19.603,22.136
12/24/16 20:14,,19.634,19.102,22.136
12/24/16 20:24,,19.634,19.102,21.636
12/24/16 20:34,,19.134,19.102,21.636
12/24/16 20:44,,19.134,19.102,21.636
12/24/16 20:54,,19.634,19.102,21.136
12/24/16 21:04,,19.634,18.602,21.136
12/24/16 21:14,,19.134,18.602,21.136
12/24/16 21:24,,19.134,18.602,21.136
12/24/16 21:34,,19.634,18.602,21.136
12/24/16 21:44,,19.634,19.102,21.136
12/24/16 21:54,,19.634,18.602,21.136
12/24/16 22:04,,19.634,18.602,21.136
12/24/16 22:14,,19.634,18.602,20.635
12/24/16 22:24,,19.634,18.602,20.635
12/24/16 22:34,,19.634,18.602,20.635
12/24/16 22:44,,19.634,18.602,20.635
12/24/16 22:54,,19.634,19.102,20.635
12/24/16 23:04,,20.135,19.603,20.635
12/24/16 23:14,,20.135,19.603,20.135
12/24/16 23:24,,20.635,19.603,20.135
12/24/16 23:34,,20.635,20.104,20.135
12/24/16 23:44,,21.135,20.104,20.135
12/24/16 23:54,,20.635,20.104,19.635
12/25/16 0:04,,20.635,19.603,19.635
12/25/16 0:14,,20.635,20.104,19.635
12/25/16 0:24,,20.635,19.603,19.635
12/25/16 0:34,,20.635,19.603,19.635
12/25/16 0:44,,20.635,19.102,19.635
12/25/16 0:54,,20.135,19.102,19.635
12/25/16 1:04,,19.634,18.602,19.635
12/25/16 1:14,,19.634,18.602,19.635
12/25/16 1:24,,19.634,18.602,19.635
12/25/16 1:34,,19.634,19.102,19.134
12/25/16 1:44,,19.634,19.102,19.134
12/25/16 1:54,,19.634,18.101,19.134
12/25/16 2:04,,18.633,17.6,19.134
12/25/16 2:14,,18.633,17.099,18.634
12/25/16 2:24,,19.134,17.099,18.634
12/25/16 2:34,,19.134,17.099,18.634
12/25/16 2:44,,19.134,17.099,19.134
12/25/16 2:54,,19.134,17.099,19.134
12/25/16 3:04,,19.134,17.6,19.134
12/25/16 3:14,,19.134,17.099,19.134
12/25/16 3:24,,18.633,17.099,18.634
12/25/16 3:34,,18.633,16.598,18.634
12/25/16 3:44,,18.633,16.598,18.634
12/25/16 3:54,,18.633,16.598,18.134
12/25/16 4:04,,18.633,16.598,18.134
12/25/16 4:14,,18.633,16.598,18.134
12/25/16 4:24,,18.132,16.598,18.134
12/25/16 4:34,,17.632,16.598,18.134
12/25/16 4:44,,17.632,16.097,18.134
12/25/16 4:54,,17.632,16.097,17.633
12/25/16 5:04,,17.131,16.097,17.633
12/25/16 5:14,,17.632,15.596,17.633
12/25/16 5:24,,17.632,15.596,17.133
12/25/16 5:34,,17.131,15.094,17.133
12/25/16 5:44,,17.131,16.097,17.133
12/25/16 5:54,,17.131,16.097,17.133
12/25/16 6:04,,16.63,16.097,17.633
12/25/16 6:14,,17.131,16.097,18.134
12/25/16 6:24,,17.131,16.097,18.134
12/25/16 6:34,,17.632,16.598,18.634
12/25/16 6:44,,17.632,17.099,18.634
12/25/16 6:54,,18.132,17.6,19.134
12/25/16 7:04,,18.633,18.101,19.134
12/25/16 7:14,,19.134,19.102,19.635
12/25/16 7:24,,19.634,26.107,20.135
12/25/16 7:34,,20.135,27.607,20.635
12/25/16 7:44,,20.635,27.607,21.136
12/25/16 7:54,,21.135,29.106,21.636
12/25/16 8:04,,21.636,28.606,23.136
12/25/16 8:14,,21.636,30.105,24.137
12/25/16 8:24,,22.136,31.104,26.137
12/25/16 8:34,,22.636,31.603,27.137
12/25/16 8:44,,23.136,30.605,29.636
12/25/16 8:54,,24.137,31.603,31.635
12/25/16 9:04,,24.137,32.103,33.133
12/25/16 9:14,,24.137,32.103,34.132
12/25/16 9:24,,24.637,32.103,36.629
12/25/16 9:34,,25.137,32.602,39.625
12/25/16 9:44,,25.137,32.602,42.121
12/25/16 9:54,,25.637,32.602,45.114
12/25/16 10:04,,26.137,34.598,48.107
12/25/16 10:14,,25.637,33.6,49.104
12/25/16 10:24,,27.136,33.6,49.603
12/25/16 10:34,,27.136,35.097,52.095
12/25/16 10:44,,27.636,35.097,55.085
12/25/16 10:54,,30.134,35.596,55.085
12/25/16 11:04,,31.133,36.095,55.583
12/25/16 11:14,,30.633,35.097,56.082
12/25/16 11:24,,31.632,35.596,57.078
12/25/16 11:34,,32.631,35.596,57.576
12/25/16 11:44,,32.131,36.095,58.074
12/25/16 11:54,,32.131,35.596,56.082
12/25/16 12:04,,33.13,36.095,56.082
12/25/16 12:14,,32.631,35.097,56.58
12/25/16 12:24,,33.13,36.095,56.58
12/25/16 12:34,,34.627,36.594,57.576
12/25/16 12:44,,33.13,36.095,56.58
12/25/16 12:54,,33.629,35.596,56.082
12/25/16 13:04,,33.629,36.095,56.082
12/25/16 13:14,,34.627,35.596,55.583
12/25/16 13:24,,34.627,36.594,56.082
12/25/16 13:34,,34.128,37.591,56.082
12/25/16 13:44,,34.128,37.092,55.085
12/25/16 13:54,,34.627,37.092,55.085
12/25/16 14:04,,33.629,37.092,54.089
12/25/16 14:14,,34.128,32.602,49.603
12/25/16 14:24,,34.627,37.591,53.59
12/25/16 14:34,,35.625,38.09,54.089
12/25/16 14:44,,35.126,38.09,53.092
12/25/16 14:54,,35.625,38.588,53.092
12/25/16 15:04,,35.126,35.097,52.594
12/25/16 15:14,,36.623,39.585,52.594
12/25/16 15:24,,35.625,39.087,51.597
12/25/16 15:34,,37.122,39.585,49.104
12/25/16 15:44,,33.629,34.598,45.613
12/25/16 15:54,,35.126,39.585,48.107
12/25/16 16:04,,30.633,33.6,45.613
12/25/16 16:14,,35.126,38.588,49.603
12/25/16 16:24,,34.128,39.585,48.107
12/25/16 16:34,,33.13,36.594,46.112
12/25/16 16:44,,33.629,39.087,44.615
12/25/16 16:54,,32.631,38.588,39.625
12/25/16 17:04,,32.131,32.602,33.633
12/25/16 17:14,,32.131,38.09,40.623
12/25/16 17:24,,33.13,38.09,41.122
12/25/16 17:34,,32.631,37.092,39.126
12/25/16 17:44,,32.131,38.09,37.129
12/25/16 17:54,,32.131,37.591,36.629
12/25/16 18:04,,32.631,38.09,35.631
12/25/16 18:14,,32.631,37.092,34.132
12/25/16 18:24,,32.131,37.092,32.634
12/25/16 18:34,,31.632,36.594,31.135
12/25/16 18:44,,31.133,36.095,29.636
12/25/16 18:54,,31.133,35.596,28.136
12/25/16 19:04,,30.633,34.598,27.137
12/25/16 19:14,,30.633,30.605,26.637
12/25/16 19:24,,30.134,30.105,26.137
12/25/16 19:34,,29.634,29.606,25.637
12/25/16 19:44,,28.635,28.606,25.637
12/25/16 19:54,,27.636,27.607,24.637
12/25/16 20:04,,27.136,27.107,24.137
12/25/16 20:14,,26.636,26.107,23.637
12/25/16 20:24,,26.137,25.607,23.637
12/25/16 20:34,,25.637,24.607,23.136
12/25/16 20:44,,25.137,23.607,22.636
12/25/16 20:54,,25.137,23.607,22.636
12/25/16 21:04,,24.637,23.607,22.636
12/25/16 21:14,,24.137,23.107,22.136
12/25/16 21:24,,24.637,22.606,22.136
12/25/16 21:34,,24.137,22.606,22.136
12/25/16 21:44,,24.137,22.106,22.136
12/25/16 21:54,,23.637,22.106,21.636
12/25/16 22:04,,23.136,21.605,21.636
12/25/16 22:14,,22.636,21.105,21.636
12/25/16 22:24,,22.636,21.105,21.136
12/25/16 22:34,,22.636,21.605,21.136
12/25/16 22:44,,23.136,22.106,21.136
12/25/16 22:54,,23.136,22.106,21.136
12/25/16 23:04,,23.136,22.106,21.136
12/25/16 23:14,,23.136,22.106,21.136
12/25/16 23:24,,23.136,22.606,21.136
12/25/16 23:34,,23.136,22.106,21.136
12/25/16 23:44,,23.136,21.605,21.136
12/25/16 23:54,,23.136,22.106,21.136
12/26/16 0:04,,22.636,21.605,21.136
12/26/16 0:14,,22.136,20.604,20.635
12/26/16 0:24,,21.636,20.604,20.635
12/26/16 0:34,,21.636,20.104,20.635
12/26/16 0:44,,21.135,20.104,20.635
12/26/16 0:54,,21.636,20.104,20.635
12/26/16 1:04,,21.135,20.104,20.635
12/26/16 1:14,,21.636,20.104,20.635
12/26/16 1:24,,20.635,20.104,20.135
12/26/16 1:34,,21.135,20.104,20.135
12/26/16 1:44,,20.635,19.603,20.135
12/26/16 1:54,,20.635,19.102,19.635
12/26/16 2:04,,20.635,18.602,19.635
12/26/16 2:14,,20.635,18.602,19.635
12/26/16 2:24,,20.635,18.101,19.635
12/26/16 2:34,,20.135,18.101,19.635
12/26/16 2:44,,20.135,18.602,19.635
12/26/16 2:54,,19.634,18.602,19.635
12/26/16 3:04,,20.135,18.602,19.635
12/26/16 3:14,,20.135,18.101,19.134
12/26/16 3:24,,20.135,18.602,19.635
12/26/16 3:34,,19.634,18.602,19.635
12/26/16 3:44,,19.634,18.602,19.635
12/26/16 3:54,,19.634,18.602,19.635
12/26/16 4:04,,19.634,19.102,19.635
12/26/16 4:14,,19.634,19.102,19.635
12/26/16 4:24,,20.135,19.102,19.635
12/26/16 4:34,,19.634,19.102,19.635
12/26/16 4:44,,20.135,19.102,19.635
12/26/16 4:54,,19.634,18.602,19.635
12/26/16 5:04,,19.634,18.602,19.635
12/26/16 5:14,,19.634,18.602,19.635
12/26/16 5:24,,19.634,18.602,19.134
12/26/16 5:34,,19.634,18.101,19.134
12/26/16 5:44,,19.634,18.602,19.635
12/26/16 5:54,,19.634,19.102,19.635
12/26/16 6:04,,19.634,19.102,19.635
12/26/16 6:14,,19.634,19.603,19.635
12/26/16 6:24,,20.135,20.104,19.635
12/26/16 6:34,,20.635,20.104,20.135
12/26/16 6:44,,20.635,20.604,20.135
12/26/16 6:54,,21.135,21.105,20.135
12/26/16 7:04,,21.135,21.605,20.635
12/26/16 7:14,,21.636,22.606,20.635
12/26/16 7:24,,22.136,26.607,21.136
12/26/16 7:34,,22.636,27.607,21.136
12/26/16 7:44,,23.136,28.107,21.636
12/26/16 7:54,,23.637,28.606,22.136
12/26/16 8:04,,24.137,29.606,22.636
12/26/16 8:14,,24.637,30.605,24.137
12/26/16 8:24,,24.637,30.605,24.137
12/26/16 8:34,,25.637,32.103,26.137
12/26/16 8:44,,26.636,31.104,28.636
12/26/16 8:54,,26.636,31.603,31.135
12/26/16 9:04,,26.137,32.103,34.632
12/26/16 9:14,,27.136,32.602,38.127
12/26/16 9:24,,27.136,32.602,38.627
12/26/16 9:34,,27.136,32.602,41.122
12/26/16 9:44,,27.636,34.099,44.116
12/26/16 9:54,,28.136,33.101,44.615
12/26/16 10:04,,28.136,33.6,46.611
12/26/16 10:14,,29.135,33.6,48.605
12/26/16 10:24,,29.135,34.099,50.101
12/26/16 10:34,,29.634,35.097,51.098
12/26/16 10:44,,29.634,35.596,52.095
12/26/16 10:54,,31.133,34.099,53.092
12/26/16 11:04,,32.631,35.097,54.089
12/26/16 11:14,,33.13,35.596,36.13
12/26/16 11:24,,33.629,35.596,33.633
12/26/16 11:34,,33.13,35.097,33.633
12/26/16 11:44,,33.629,35.596,33.633
12/26/16 11:54,,33.629,36.095,33.133
12/26/16 12:04,,33.629,36.095,33.633
12/26/16 12:14,,34.128,36.095,34.132
12/26/16 12:24,,35.126,36.095,35.131
12/26/16 12:34,,34.627,36.594,35.631
12/26/16 12:44,,34.627,36.594,35.131
12/26/16 12:54,,34.128,36.594,35.631
12/26/16 13:04,,34.627,36.594,35.631
12/26/16 13:14,,35.625,37.092,37.628
12/26/16 13:24,,35.625,36.594,37.129
12/26/16 13:34,,35.625,38.09,37.129
12/26/16 13:44,,36.124,36.095,37.628
12/26/16 13:54,,35.126,36.594,35.631
12/26/16 14:04,,32.131,34.598,37.628
12/26/16 14:14,,35.625,34.598,38.127
12/26/16 14:24,,36.623,34.598,37.129
12/26/16 14:34,,36.124,39.087,35.131
12/26/16 14:44,,35.625,39.585,38.127
12/26/16 14:54,,35.625,38.588,39.126
12/26/16 15:04,,33.13,36.095,35.131
12/26/16 15:14,,34.128,36.594,38.127
12/26/16 15:24,,36.124,36.594,37.628
12/26/16 15:34,,36.124,38.09,42.121
12/26/16 15:44,,36.623,39.087,40.623
12/26/16 15:54,,36.623,39.087,39.625
12/26/16 16:04,,35.625,38.588,38.627
12/26/16 16:14,,32.631,34.598,36.13
12/26/16 16:24,,34.627,38.588,35.131
12/26/16 16:34,,33.629,37.092,40.124
12/26/16 16:44,,35.126,38.09,40.124
12/26/16 16:54,,34.627,38.588,40.623
12/26/16 17:04,,33.13,33.101,37.628
12/26/16 17:14,,35.126,38.588,40.623
12/26/16 17:24,,35.126,38.588,41.621
12/26/16 17:34,,33.629,35.596,35.131
12/26/16 17:44,,33.13,35.596,37.628
12/26/16 17:54,,33.13,36.095,39.126
12/26/16 18:04,,34.128,38.09,40.124
12/26/16 18:14,,34.128,37.092,39.126
12/26/16 18:24,,34.128,36.594,38.127
12/26/16 18:34,,33.629,37.591,40.124
12/26/16 18:44,,33.13,37.092,39.126
12/26/16 18:54,,32.631,36.095,35.131
12/26/16 19:04,,32.131,34.099,34.132
12/26/16 19:14,,31.632,31.603,31.635
12/26/16 19:24,,30.633,30.605,30.635
12/26/16 19:34,,30.633,29.606,30.635
12/26/16 19:44,,30.134,29.106,31.635
12/26/16 19:54,,29.135,28.107,29.636
12/26/16 20:04,,29.135,26.607,27.137
12/26/16 20:14,,28.635,25.107,25.137
12/26/16 20:24,,28.136,24.107,24.637
12/26/16 20:34,,26.636,23.107,24.137
12/26/16 20:44,,25.637,22.106,23.637
12/26/16 20:54,,25.137,21.605,22.636
12/26/16 21:04,,25.137,21.605,22.636
12/26/16 21:14,,24.137,21.605,22.136
12/26/16 21:24,,24.637,21.605,21.636
12/26/16 21:34,,24.137,21.605,21.136
12/26/16 21:44,,24.137,21.605,21.136
12/26/16 21:54,,23.136,21.105,21.136
12/26/16 22:04,,23.136,20.604,20.635
12/26/16 22:14,,23.136,20.604,20.635
12/26/16 22:24,,23.136,20.104,20.635
12/26/16 22:34,,24.137,20.604,20.635
12/26/16 22:44,,23.637,20.604,20.635
12/26/16 22:54,,24.137,20.604,21.136
12/26/16 23:04,,25.137,20.604,20.635
12/26/16 23:14,,24.137,20.604,20.635
12/26/16 23:24,,23.136,20.604,20.635
12/26/16 23:34,,24.137,20.104,20.635
12/26/16 23:44,,23.637,20.604,20.635
12/26/16 23:54,,23.637,20.604,20.635
12/27/16 0:04,,24.137,20.604,20.135
12/27/16 0:14,,23.136,20.604,20.635
12/27/16 0:24,,23.637,21.105,21.136
12/27/16 0:34,,23.637,21.105,21.136
12/27/16 0:44,,23.637,21.105,20.635
12/27/16 0:54,,23.136,20.604,20.635
12/27/16 1:04,,23.637,21.105,20.635
12/27/16 1:14,,23.637,21.105,20.135
12/27/16 1:24,,23.136,21.105,20.135
12/27/16 1:34,,23.136,21.105,20.135
12/27/16 1:44,,23.136,21.105,20.135
12/27/16 1:54,,23.136,20.604,20.135
12/27/16 2:04,,23.637,20.604,19.635
12/27/16 2:14,,22.636,19.603,19.635
12/27/16 2:24,,22.636,19.102,19.134
12/27/16 2:34,,21.636,18.602,18.134
12/27/16 2:44,,20.635,18.101,17.633
12/27/16 2:54,,20.635,17.6,17.133
12/27/16 3:04,,20.135,17.099,16.632
12/27/16 3:14,,19.634,17.099,16.632
12/27/16 3:24,,19.134,17.099,17.633
12/27/16 3:34,,20.635,17.6,17.133
12/27/16 3:44,,21.135,17.6,17.633
12/27/16 3:54,,20.635,17.099,17.633
12/27/16 4:04,,19.634,17.6,17.633
12/27/16 4:14,,19.634,17.6,17.633
12/27/16 4:24,,20.135,17.6,18.134
12/27/16 4:34,,20.635,18.101,17.633
12/27/16 4:44,,20.135,17.6,17.633
12/27/16 4:54,,19.134,17.099,17.633
12/27/16 5:04,,19.634,17.099,17.633
12/27/16 5:14,,19.134,17.6,17.133
12/27/16 5:24,,20.635,18.602,18.634
12/27/16 5:34,,20.635,19.603,19.635
12/27/16 5:44,,21.135,19.603,19.635
12/27/16 5:54,,21.135,20.104,19.635
12/27/16 6:04,,20.635,20.104,19.635
12/27/16 6:14,,21.135,20.104,19.635
12/27/16 6:24,,21.135,20.604,20.635
12/27/16 6:34,,21.636,21.105,21.636
12/27/16 6:44,,21.636,21.605,22.136
12/27/16 6:54,,22.136,22.106,22.636
12/27/16 7:04,,22.136,22.606,23.637
12/27/16 7:14,,22.636,23.607,25.137
12/27/16 7:24,,23.637,28.606,25.637
12/27/16 7:34,,24.137,28.606,25.637
12/27/16 7:44,,24.137,29.106,27.137
12/27/16 7:54,,25.137,30.605,27.636
12/27/16 8:04,,25.637,31.104,29.136
12/27/16 8:14,,26.636,32.602,29.636
12/27/16 8:24,,26.636,30.105,28.636
12/27/16 8:34,,27.136,32.602,29.136
12/27/16 8:44,,28.136,32.602,30.635
12/27/16 8:54,,28.635,34.099,31.635
12/27/16 9:04,,28.635,34.099,32.634
12/27/16 9:14,,29.135,34.598,31.635
12/27/16 9:24,,28.635,34.099,32.134
12/27/16 9:34,,29.135,34.598,31.635
12/27/16 9:44,,29.634,35.596,34.132
12/27/16 9:54,,30.134,35.596,33.633
12/27/16 10:04,,30.633,37.092,34.132
12/27/16 10:14,,30.134,36.095,34.132
12/27/16 10:24,,31.632,37.092,34.632
12/27/16 10:34,,31.133,33.6,31.635
12/27/16 10:44,,29.634,31.104,30.635
12/27/16 10:54,,32.631,39.087,36.13
12/27/16 11:04,,34.128,36.594,35.131
12/27/16 11:14,,35.126,38.09,35.131
12/27/16 11:24,,33.13,34.099,32.134
12/27/16 11:34,,32.631,36.095,34.132
12/27/16 11:44,,34.627,37.591,35.131
12/27/16 11:54,,36.623,38.09,35.631
12/27/16 12:04,,35.625,37.591,35.631
12/27/16 12:14,,35.126,37.092,36.13
12/27/16 12:24,,36.124,37.591,36.629
12/27/16 12:34,,35.625,37.092,36.13
12/27/16 12:44,,36.124,38.09,36.13
12/27/16 12:54,,36.124,37.591,37.628
12/27/16 13:04,,35.625,35.596,36.13
12/27/16 13:14,,36.623,38.09,37.129
12/27/16 13:24,,36.623,38.09,38.127
12/27/16 13:34,,37.62,40.083,38.127
12/27/16 13:44,,36.124,38.09,38.127
12/27/16 13:54,,35.625,38.588,38.627
12/27/16 14:04,,36.623,39.585,38.627
12/27/16 14:14,,37.122,39.087,38.627
12/27/16 14:24,,37.122,39.087,40.623
12/27/16 14:34,,38.618,40.083,41.122
12/27/16 14:44,,37.62,39.585,40.623
12/27/16 14:54,,38.119,39.585,40.124
12/27/16 15:04,,37.62,40.582,41.122
12/27/16 15:14,,38.119,40.582,41.621
12/27/16 15:24,,38.119,40.083,41.621
12/27/16 15:34,,38.119,40.083,42.62
12/27/16 15:44,,38.618,40.083,43.119
12/27/16 15:54,,38.618,40.582,42.121
12/27/16 16:04,,39.116,40.582,39.625
12/27/16 16:14,,38.119,40.582,42.62
12/27/16 16:24,,37.122,40.083,41.621
12/27/16 16:34,,36.124,40.582,42.62
12/27/16 16:44,,38.119,40.582,42.62
12/27/16 16:54,,35.625,40.083,41.621
12/27/16 17:04,,36.124,39.585,41.621
12/27/16 17:14,,35.625,38.588,41.621
12/27/16 17:24,,36.124,38.588,42.121
12/27/16 17:34,,35.625,38.588,42.62
12/27/16 17:44,,35.126,38.588,41.621
12/27/16 17:54,,34.627,38.588,42.62
12/27/16 18:04,,35.126,37.591,42.62
12/27/16 18:14,,35.126,37.591,41.122
12/27/16 18:24,,35.126,37.591,40.623
12/27/16 18:34,,34.128,37.591,40.124
12/27/16 18:44,,33.629,36.594,40.623
12/27/16 18:54,,33.629,36.594,36.629
12/27/16 19:04,,33.13,35.596,36.13
12/27/16 19:14,,33.13,32.602,33.633
12/27/16 19:24,,32.631,32.602,34.132
12/27/16 19:34,,32.131,31.603,33.133
12/27/16 19:44,,31.632,30.605,34.132
12/27/16 19:54,,30.633,29.606,32.634
12/27/16 20:04,,29.634,27.607,29.636
12/27/16 20:14,,29.135,27.107,28.136
12/27/16 20:24,,28.635,26.107,26.637
12/27/16 20:34,,28.136,25.107,25.137
12/27/16 20:44,,28.136,23.607,24.637
12/27/16 20:54,,27.636,22.606,23.637
12/27/16 21:04,,28.136,22.106,22.636
12/27/16 21:14,,27.636,22.106,22.636
12/27/16 21:24,,27.136,22.106,22.636
12/27/16 21:34,,27.136,21.605,23.136
12/27/16 21:44,,26.636,21.105,22.636
12/27/16 21:54,,26.636,21.605,23.136
12/27/16 22:04,,26.137,21.105,22.636
12/27/16 22:14,,25.637,21.105,22.636
12/27/16 22:24,,25.637,20.604,22.136
12/27/16 22:34,,25.637,20.604,22.136
12/27/16 22:44,,25.637,21.105,21.636
12/27/16 22:54,,25.137,20.604,21.136
12/27/16 23:04,,24.637,19.603,21.136
12/27/16 23:14,,23.637,19.603,20.635
12/27/16 23:24,,24.637,19.603,20.635
12/27/16 23:34,,24.637,19.603,20.635
12/27/16 23:44,,23.637,19.603,20.635
12/27/16 23:54,,23.637,19.102,19.635
12/28/16 0:04,,23.637,19.102,20.135
12/28/16 0:14,,22.636,18.602,19.635
12/28/16 0:24,,23.136,18.602,20.135
12/28/16 0:34,,22.136,18.602,20.135
12/28/16 0:44,,22.136,18.101,19.635
12/28/16 0:54,,22.136,18.602,19.134
12/28/16 1:04,,22.636,19.102,18.634
12/28/16 1:14,,22.136,19.603,20.635
12/28/16 1:24,,22.136,20.104,20.135
12/28/16 1:34,,22.136,20.604,20.635
12/28/16 1:44,,23.136,21.605,21.636
12/28/16 1:54,,23.637,21.605,20.635
12/28/16 2:04,,22.636,21.105,20.135
12/28/16 2:14,,22.636,20.604,20.135
12/28/16 2:24,,23.136,21.105,21.136
12/28/16 2:34,,22.636,20.604,20.635
12/28/16 2:44,,21.636,20.104,20.635
12/28/16 2:54,,21.636,19.603,19.635
12/28/16 3:04,,21.636,20.104,19.635
12/28/16 3:14,,21.636,20.104,19.635
12/28/16 3:24,,21.636,19.603,19.635
12/28/16 3:34,,21.636,19.603,19.134
12/28/16 3:44,,21.135,20.104,18.134
12/28/16 3:54,,20.635,19.603,18.634
12/28/16 4:04,,20.135,18.602,18.634
12/28/16 4:14,,20.635,19.603,19.134
12/28/16 4:24,,20.635,18.602,17.633
12/28/16 4:34,,20.135,18.602,17.633
12/28/16 4:44,,21.135,19.603,19.635
12/28/16 4:54,,21.135,19.102,19.134
12/28/16 5:04,,21.135,19.603,19.134
12/28/16 5:14,,21.135,19.603,19.635
12/28/16 5:24,,21.636,20.604,20.635
12/28/16 5:34,,21.636,20.104,20.135
12/28/16 5:44,,21.636,20.104,20.135
12/28/16 5:54,,21.135,20.104,19.635
12/28/16 6:04,,21.135,19.603,19.635
12/28/16 6:14,,21.636,20.604,20.635
12/28/16 6:24,,22.136,21.605,22.136
12/28/16 6:34,,22.636,22.106,23.136
12/28/16 6:44,,23.136,22.606,23.637
12/28/16 6:54,,23.136,23.107,24.637
12/28/16 7:04,,23.136,23.607,25.137
12/28/16 7:14,,23.637,24.107,25.637
12/28/16 7:24,,24.137,28.107,25.637
12/28/16 7:34,,24.137,28.606,26.637
12/28/16 7:44,,24.637,29.606,27.137
12/28/16 7:54,,25.137,30.105,27.636
12/28/16 8:04,,25.637,31.104,28.136
12/28/16 8:14,,26.137,31.603,29.136
12/28/16 8:24,,26.636,30.605,28.136
12/28/16 8:34,,26.636,30.605,28.136
12/28/16 8:44,,27.636,31.603,30.135
12/28/16 8:54,,29.135,33.6,31.635
12/28/16 9:04,,28.635,33.6,31.635
12/28/16 9:14,,29.634,35.097,32.634
12/28/16 9:24,,29.135,33.101,31.635
12/28/16 9:34,,29.135,32.602,31.635
12/28/16 9:44,,29.135,31.603,30.635
12/28/16 9:54,,30.134,35.596,33.133
12/28/16 10:04,,29.634,34.099,33.633
